[{"pk": 1, "model": "contenttypes.contenttype", "fields": {"model": "permission", "name": "permission", "app_label": "auth"}}, {"pk": 2, "model": "contenttypes.contenttype", "fields": {"model": "group", "name": "group", "app_label": "auth"}}, {"pk": 3, "model": "contenttypes.contenttype", "fields": {"model": "contenttype", "name": "content type", "app_label": "contenttypes"}}, {"pk": 4, "model": "contenttypes.contenttype", "fields": {"model": "session", "name": "session", "app_label": "sessions"}}, {"pk": 5, "model": "contenttypes.contenttype", "fields": {"model": "site", "name": "site", "app_label": "sites"}}, {"pk": 6, "model": "contenttypes.contenttype", "fields": {"model": "logentry", "name": "log entry", "app_label": "admin"}}, {"pk": 7, "model": "contenttypes.contenttype", "fields": {"model": "user", "name": "user", "app_label": "webfaction"}}, {"pk": 8, "model": "contenttypes.contenttype", "fields": {"model": "migrationhistory", "name": "migration history", "app_label": "south"}}, {"pk": 9, "model": "contenttypes.contenttype", "fields": {"model": "taskmeta", "name": "task state", "app_label": "djcelery"}}, {"pk": 10, "model": "contenttypes.contenttype", "fields": {"model": "tasksetmeta", "name": "saved group result", "app_label": "djcelery"}}, {"pk": 11, "model": "contenttypes.contenttype", "fields": {"model": "intervalschedule", "name": "interval", "app_label": "djcelery"}}, {"pk": 12, "model": "contenttypes.contenttype", "fields": {"model": "crontabschedule", "name": "crontab", "app_label": "djcelery"}}, {"pk": 13, "model": "contenttypes.contenttype", "fields": {"model": "periodictasks", "name": "periodic tasks", "app_label": "djcelery"}}, {"pk": 14, "model": "contenttypes.contenttype", "fields": {"model": "periodictask", "name": "periodic task", "app_label": "djcelery"}}, {"pk": 15, "model": "contenttypes.contenttype", "fields": {"model": "workerstate", "name": "worker", "app_label": "djcelery"}}, {"pk": 16, "model": "contenttypes.contenttype", "fields": {"model": "taskstate", "name": "task", "app_label": "djcelery"}}, {"pk": 17, "model": "contenttypes.contenttype", "fields": {"model": "queue", "name": "queue", "app_label": "django"}}, {"pk": 18, "model": "contenttypes.contenttype", "fields": {"model": "message", "name": "message", "app_label": "django"}}, {"pk": 19, "model": "contenttypes.contenttype", "fields": {"model": "staticapp", "name": "static app", "app_label": "applications"}}, {"pk": 20, "model": "contenttypes.contenttype", "fields": {"model": "wordpress", "name": "word press", "app_label": "applications"}}, {"pk": 21, "model": "contenttypes.contenttype", "fields": {"model": "managedapp", "name": "managed app", "app_label": "applications"}}, {"pk": 22, "model": "contenttypes.contenttype", "fields": {"model": "database", "name": "database", "app_label": "applications"}}, {"pk": 23, "model": "contenttypes.contenttype", "fields": {"model": "emailaddress", "name": "email address", "app_label": "emails"}}, {"pk": 24, "model": "contenttypes.contenttype", "fields": {"model": "redirect", "name": "redirect", "app_label": "emails"}}, {"pk": 25, "model": "contenttypes.contenttype", "fields": {"model": "mailbox", "name": "mail box", "app_label": "emails"}}, {"pk": 27, "model": "contenttypes.contenttype", "fields": {"model": "application", "name": "application", "app_label": "applications"}}, {"pk": 28, "model": "contenttypes.contenttype", "fields": {"model": "domain", "name": "domain", "app_label": "domains"}}, {"pk": 29, "model": "contenttypes.contenttype", "fields": {"model": "subdomain", "name": "sub domain", "app_label": "domains"}}, {"pk": 30, "model": "contenttypes.contenttype", "fields": {"model": "registrationprofile", "name": "registration profile", "app_label": "registration"}}, {"pk": 31, "model": "contenttypes.contenttype", "fields": {"model": "server", "name": "server", "app_label": "webfaction"}}, {"pk": 32, "model": "contenttypes.contenttype", "fields": {"model": "website", "name": "website", "app_label": "websites"}}, {"pk": "3qpgexyuno969wz2oplhpp5soc4j0ld3", "model": "sessions.session", "fields": {"expire_date": "2014-04-18T09:40:33.132Z", "session_data": "Y2E1ZDY0NzljMjc2MjY4MzYxYmUyZDU3NWEzYWRkYmFhM2NhODc4ZTp7Il9hdXRoX3VzZXJfYmFja2VuZCI6ImRqYW5nby5jb250cmliLmF1dGguYmFja2VuZHMuTW9kZWxCYWNrZW5kIiwiX2F1dGhfdXNlcl9pZCI6MX0="}}, {"pk": "73m9o7h8hfjkvovo2glz7k3lchw2o2bj", "model": "sessions.session", "fields": {"expire_date": "2014-04-17T14:40:32.483Z", "session_data": "Y2E1ZDY0NzljMjc2MjY4MzYxYmUyZDU3NWEzYWRkYmFhM2NhODc4ZTp7Il9hdXRoX3VzZXJfYmFja2VuZCI6ImRqYW5nby5jb250cmliLmF1dGguYmFja2VuZHMuTW9kZWxCYWNrZW5kIiwiX2F1dGhfdXNlcl9pZCI6MX0="}}, {"pk": "8o79mh0yett95du6rbs4m1mtzax3swcq", "model": "sessions.session", "fields": {"expire_date": "2014-05-30T16:13:44.218Z", "session_data": "Y2RjMjZlNzcwNzE3NWQxMzMyY2UxZTJhODg4ZjA4ZGU2MDJkOTIyNTp7fQ=="}}, {"pk": "cyxfg2b9lyuu5i1d2dtimueqjpvr850s", "model": "sessions.session", "fields": {"expire_date": "2014-05-30T14:03:44.766Z", "session_data": "Y2RjMjZlNzcwNzE3NWQxMzMyY2UxZTJhODg4ZjA4ZGU2MDJkOTIyNTp7fQ=="}}, {"pk": "e34r4puppuqx4qp2lbjunktv9kqrjivv", "model": "sessions.session", "fields": {"expire_date": "2014-05-30T13:59:55.346Z", "session_data": "Y2RjMjZlNzcwNzE3NWQxMzMyY2UxZTJhODg4ZjA4ZGU2MDJkOTIyNTp7fQ=="}}, {"pk": "eiju3020zf1z1t50tkhmyl4ffc0ghxle", "model": "sessions.session", "fields": {"expire_date": "2014-05-30T16:13:43.930Z", "session_data": "Y2RjMjZlNzcwNzE3NWQxMzMyY2UxZTJhODg4ZjA4ZGU2MDJkOTIyNTp7fQ=="}}, {"pk": "exxvw09270ocmof3rniz5mnn9bsx3h38", "model": "sessions.session", "fields": {"expire_date": "2014-05-04T08:50:57.039Z", "session_data": "Y2E1ZDY0NzljMjc2MjY4MzYxYmUyZDU3NWEzYWRkYmFhM2NhODc4ZTp7Il9hdXRoX3VzZXJfYmFja2VuZCI6ImRqYW5nby5jb250cmliLmF1dGguYmFja2VuZHMuTW9kZWxCYWNrZW5kIiwiX2F1dGhfdXNlcl9pZCI6MX0="}}, {"pk": "glsu0pllqkchrc0s624y9y26yztazwlt", "model": "sessions.session", "fields": {"expire_date": "2014-04-17T08:01:21.692Z", "session_data": "Y2RjMjZlNzcwNzE3NWQxMzMyY2UxZTJhODg4ZjA4ZGU2MDJkOTIyNTp7fQ=="}}, {"pk": "iyuc1xg2m0khzcwb4lgqzod4bgsfbejp", "model": "sessions.session", "fields": {"expire_date": "2014-05-30T16:25:05.544Z", "session_data": "Y2RjMjZlNzcwNzE3NWQxMzMyY2UxZTJhODg4ZjA4ZGU2MDJkOTIyNTp7fQ=="}}, {"pk": "ohiz3una6uasbz16o58vwrmz26fq8a2x", "model": "sessions.session", "fields": {"expire_date": "2014-05-30T14:03:40.821Z", "session_data": "Y2RjMjZlNzcwNzE3NWQxMzMyY2UxZTJhODg4ZjA4ZGU2MDJkOTIyNTp7fQ=="}}, {"pk": "owh159u6zstjfaueoitp3kxqxq7860y0", "model": "sessions.session", "fields": {"expire_date": "2014-05-30T16:14:35.311Z", "session_data": "Y2RjMjZlNzcwNzE3NWQxMzMyY2UxZTJhODg4ZjA4ZGU2MDJkOTIyNTp7fQ=="}}, {"pk": "v9lrgnl373p3t9jqe43aosvwbvleqye9", "model": "sessions.session", "fields": {"expire_date": "2014-05-30T16:18:19.776Z", "session_data": "Y2RjMjZlNzcwNzE3NWQxMzMyY2UxZTJhODg4ZjA4ZGU2MDJkOTIyNTp7fQ=="}}, {"pk": "vgkrs97k743sr2jclo3n6fynasqqb9oj", "model": "sessions.session", "fields": {"expire_date": "2014-05-22T16:07:40.349Z", "session_data": "NzdlYWNhYWU2ZmE0YjFjMTQ3Y2ZiMjI4NzgyMzFmODJmOGVjOTkxMzp7IndpemFyZF93ZWJzaXRlX3dpemFyZCI6eyJzdGVwX2ZpbGVzIjp7fSwic3RlcCI6ImFwcCIsImV4dHJhX2RhdGEiOnt9LCJzdGVwX2RhdGEiOnt9fX0="}}, {"pk": "wa16fhvf95jxnspacn40igib1talh3v4", "model": "sessions.session", "fields": {"expire_date": "2014-05-30T13:59:50.843Z", "session_data": "Y2RjMjZlNzcwNzE3NWQxMzMyY2UxZTJhODg4ZjA4ZGU2MDJkOTIyNTp7fQ=="}}, {"pk": "xvligcf2spylcpzzx8q5m8f5erk8tb0t", "model": "sessions.session", "fields": {"expire_date": "2014-05-31T10:04:00.442Z", "session_data": "NTFjYWMzNmU2MzkxZTEzMDFiMzY4YTJiN2E4YjQ0M2NhOTRiNmQxOTp7Il9hdXRoX3VzZXJfaWQiOjEsIl9hdXRoX3VzZXJfYmFja2VuZCI6ImRqYW5nby5jb250cmliLmF1dGguYmFja2VuZHMuTW9kZWxCYWNrZW5kIiwid2l6YXJkX3dlYnNpdGVfd2l6YXJkIjp7InN0ZXBfZmlsZXMiOnsiYXBwIjp7fX0sInN0ZXAiOiJhcHAiLCJleHRyYV9kYXRhIjp7fSwic3RlcF9kYXRhIjp7ImFwcCI6eyJjc3JmbWlkZGxld2FyZXRva2VuIjpbIlAzelJIVFBWc0JvOGFWZk9GZGUweWlYRmNkTXFmRXg3IiwiUDN6UkhUUFZzQm84YVZmT0ZkZTB5aVhGY2RNcWZFeDciXSwid2Vic2l0ZV93aXphcmQtY3VycmVudF9zdGVwIjpbImFwcCJdLCJhcHAtYXBwX3R5cGUiOlsid29yZHByZXNzIl0sImFwcC1uYW1lIjpbInRvdG8iXSwibmV4dCI6WyJOZXh0Il19fX19"}}, {"pk": 1, "model": "sites.site", "fields": {"domain": "example.com", "name": "example.com"}}, {"pk": 1, "model": "webfaction.server", "fields": {"ip_address": "5.153.9.61", "name": "Web392"}}, {"pk": 36, "model": "domains.subdomain", "fields": {"domain": 1, "modified": "2014-04-24T08:04:36.988Z", "name": "sportfac", "created": "2014-04-24T08:04:36.988Z"}}, {"pk": 37, "model": "domains.subdomain", "fields": {"domain": 1, "modified": "2014-04-24T08:04:36.990Z", "name": "www", "created": "2014-04-24T08:04:36.990Z"}}, {"pk": 39, "model": "domains.subdomain", "fields": {"domain": 2, "modified": "2014-04-24T08:04:36.994Z", "name": "theatre", "created": "2014-04-24T08:04:36.994Z"}}, {"pk": 40, "model": "domains.subdomain", "fields": {"domain": 2, "modified": "2014-04-24T08:04:36.996Z", "name": "www", "created": "2014-04-24T08:04:36.996Z"}}, {"pk": 42, "model": "domains.subdomain", "fields": {"domain": 3, "modified": "2014-05-16T10:25:06.222Z", "name": "www", "created": "2014-04-24T08:04:37.000Z"}}, {"pk": 44, "model": "domains.subdomain", "fields": {"domain": 4, "modified": "2014-04-24T08:04:37.004Z", "name": "www", "created": "2014-04-24T08:04:37.004Z"}}, {"pk": 46, "model": "domains.subdomain", "fields": {"domain": 5, "modified": "2014-04-24T08:04:37.009Z", "name": "sportfac", "created": "2014-04-24T08:04:37.009Z"}}, {"pk": 47, "model": "domains.subdomain", "fields": {"domain": 5, "modified": "2014-04-24T08:04:37.010Z", "name": "tarado", "created": "2014-04-24T08:04:37.010Z"}}, {"pk": 48, "model": "domains.subdomain", "fields": {"domain": 5, "modified": "2014-04-24T08:04:37.012Z", "name": "www", "created": "2014-04-24T08:04:37.012Z"}}, {"pk": 52, "model": "domains.subdomain", "fields": {"domain": 8, "modified": "2014-04-24T08:04:37.022Z", "name": "www", "created": "2014-04-24T08:04:37.022Z"}}, {"pk": 54, "model": "domains.subdomain", "fields": {"domain": 9, "modified": "2014-04-24T08:04:37.028Z", "name": "www", "created": "2014-04-24T08:04:37.028Z"}}, {"pk": 56, "model": "domains.subdomain", "fields": {"domain": 10, "modified": "2014-04-24T08:04:37.033Z", "name": "splash", "created": "2014-04-24T08:04:37.033Z"}}, {"pk": 57, "model": "domains.subdomain", "fields": {"domain": 10, "modified": "2014-04-24T08:04:37.035Z", "name": "test", "created": "2014-04-24T08:04:37.035Z"}}, {"pk": 58, "model": "domains.subdomain", "fields": {"domain": 10, "modified": "2014-04-24T08:04:37.037Z", "name": "www", "created": "2014-04-24T08:04:37.037Z"}}, {"pk": 60, "model": "domains.subdomain", "fields": {"domain": 11, "modified": "2014-04-24T08:04:37.042Z", "name": "dealguru", "created": "2014-04-24T08:04:37.042Z"}}, {"pk": 61, "model": "domains.subdomain", "fields": {"domain": 11, "modified": "2014-04-24T08:04:37.043Z", "name": "ep", "created": "2014-04-24T08:04:37.043Z"}}, {"pk": 62, "model": "domains.subdomain", "fields": {"domain": 11, "modified": "2014-04-24T08:04:37.045Z", "name": "forum", "created": "2014-04-24T08:04:37.045Z"}}, {"pk": 63, "model": "domains.subdomain", "fields": {"domain": 11, "modified": "2014-04-24T08:04:37.047Z", "name": "git", "created": "2014-04-24T08:04:37.047Z"}}, {"pk": 64, "model": "domains.subdomain", "fields": {"domain": 11, "modified": "2014-04-24T08:04:37.048Z", "name": "sentry", "created": "2014-04-24T08:04:37.048Z"}}, {"pk": 65, "model": "domains.subdomain", "fields": {"domain": 11, "modified": "2014-04-24T08:04:37.050Z", "name": "status", "created": "2014-04-24T08:04:37.050Z"}}, {"pk": 66, "model": "domains.subdomain", "fields": {"domain": 11, "modified": "2014-04-24T08:04:37.052Z", "name": "svn", "created": "2014-04-24T08:04:37.052Z"}}, {"pk": 67, "model": "domains.subdomain", "fields": {"domain": 11, "modified": "2014-04-24T08:04:37.053Z", "name": "theatre", "created": "2014-04-24T08:04:37.053Z"}}, {"pk": 68, "model": "domains.subdomain", "fields": {"domain": 11, "modified": "2014-04-24T08:04:37.055Z", "name": "www", "created": "2014-04-24T08:04:37.055Z"}}, {"pk": 75, "model": "domains.subdomain", "fields": {"domain": 3, "modified": "2014-05-16T10:35:09.986Z", "name": "test2", "created": "2014-05-16T09:54:52.840Z"}}, {"pk": 5, "model": "south.migrationhistory", "fields": {"applied": "2014-03-28T10:16:14.934Z", "app_name": "django", "migration": "0001_initial"}}, {"pk": 6, "model": "south.migrationhistory", "fields": {"applied": "2014-04-25T09:00:14.534Z", "app_name": "djcelery", "migration": "0001_initial"}}, {"pk": 7, "model": "south.migrationhistory", "fields": {"applied": "2014-04-25T09:00:14.578Z", "app_name": "djcelery", "migration": "0002_v25_changes"}}, {"pk": 8, "model": "south.migrationhistory", "fields": {"applied": "2014-04-25T09:00:14.599Z", "app_name": "djcelery", "migration": "0003_v26_changes"}}, {"pk": 9, "model": "south.migrationhistory", "fields": {"applied": "2014-04-25T09:00:14.615Z", "app_name": "djcelery", "migration": "0004_v30_changes"}}, {"pk": 10, "model": "south.migrationhistory", "fields": {"applied": "2014-04-30T15:18:50.497Z", "app_name": "django", "migration": "0002_initial"}}, {"pk": 11, "model": "south.migrationhistory", "fields": {"applied": "2014-05-08T06:47:15.516Z", "app_name": "webfaction", "migration": "0001_initial"}}, {"pk": 12, "model": "south.migrationhistory", "fields": {"applied": "2014-05-08T06:48:11.950Z", "app_name": "webfaction", "migration": "0002_auto__add_field_user_server"}}, {"pk": 1, "model": "django.queue", "fields": {"name": "celery"}}, {"pk": 2, "model": "django.queue", "fields": {"name": "celery@GFiMac27.local.celery.pidbox"}}, {"pk": 49220, "model": "django.message", "fields": {"queue": 1, "visible": false, "sent_at": "2014-05-09T07:16:01.119Z", "payload": "{\"body\": \"gAJ9cQEoVQdleHBpcmVzcQJOVQN1dGNxA4hVBGFyZ3NxBEsBWAAAAABYBAAAAG5vbmVxBYdxBlUFY2hvcmRxB05VCWNhbGxiYWNrc3EITlUIZXJyYmFja3NxCU5VB3Rhc2tzZXRxCk5VAmlkcQtVJDY3YzUyOTMxLTJkMTYtNDFkOS1hYjRhLTdlZjdlMjdkOWEyOXEMVQdyZXRyaWVzcQ1LAFUEdGFza3EOVRx3ZWJmYWN0aW9uLnRhc2tzLmNyZWF0ZV91c2VycQ9VCXRpbWVsaW1pdHEQTk6GVQNldGFxEU5VBmt3YXJnc3ESfXETdS4=\", \"headers\": {}, \"content-type\": \"application/x-python-serialize\", \"properties\": {\"body_encoding\": \"base64\", \"correlation_id\": \"67c52931-2d16-41d9-ab4a-7ef7e27d9a29\", \"reply_to\": \"376e8f13-c841-38e1-8c2f-87537b8130c7\", \"delivery_info\": {\"priority\": 0, \"routing_key\": \"celery\", \"exchange\": \"celery\"}, \"delivery_mode\": 2, \"delivery_tag\": \"33e969f7-6bd8-4cd6-a169-48458f46cb8d\"}, \"content-encoding\": \"binary\"}"}}, {"pk": 49222, "model": "django.message", "fields": {"queue": 1, "visible": false, "sent_at": "2014-05-09T07:16:05.635Z", "payload": "{\"body\": \"gAJ9cQEoVQdleHBpcmVzcQJOVQN1dGNxA4hVBGFyZ3NxBEsBWAAAAABYBAAAAG5vbmVxBYdxBlUFY2hvcmRxB05VCWNhbGxiYWNrc3EITlUIZXJyYmFja3NxCU5VB3Rhc2tzZXRxCk5VAmlkcQtVJDNlZDQ0NDU5LTYzNzAtNDM2Yy05YmZhLWZmNDBiNDA2MjhhNHEMVQdyZXRyaWVzcQ1LAFUEdGFza3EOVRx3ZWJmYWN0aW9uLnRhc2tzLmNyZWF0ZV91c2VycQ9VCXRpbWVsaW1pdHEQTk6GVQNldGFxEU5VBmt3YXJnc3ESfXETdS4=\", \"headers\": {}, \"content-type\": \"application/x-python-serialize\", \"properties\": {\"body_encoding\": \"base64\", \"correlation_id\": \"3ed44459-6370-436c-9bfa-ff40b40628a4\", \"reply_to\": \"6729c832-3c0b-37e4-ba26-f63734a389c5\", \"delivery_info\": {\"priority\": 0, \"routing_key\": \"celery\", \"exchange\": \"celery\"}, \"delivery_mode\": 2, \"delivery_tag\": \"995c40e8-b949-4f75-b659-cb2c53c3c985\"}, \"content-encoding\": \"binary\"}"}}, {"pk": 49223, "model": "django.message", "fields": {"queue": 1, "visible": false, "sent_at": "2014-05-09T07:16:05.638Z", "payload": "{\"body\": \"gAJ9cQEoVQdleHBpcmVzcQJOVQN1dGNxA4hVBGFyZ3NxBEsCWAAAAABYBAAAAG5vbmVxBYdxBlUFY2hvcmRxB05VCWNhbGxiYWNrc3EITlUIZXJyYmFja3NxCU5VB3Rhc2tzZXRxCk5VAmlkcQtVJDk0NjFlNDg2LTZkOGQtNDMwZC1iZjRiLTRkYTA1ZDc2OGUyYXEMVQdyZXRyaWVzcQ1LAFUEdGFza3EOVRx3ZWJmYWN0aW9uLnRhc2tzLmNyZWF0ZV91c2VycQ9VCXRpbWVsaW1pdHEQTk6GVQNldGFxEU5VBmt3YXJnc3ESfXETdS4=\", \"headers\": {}, \"content-type\": \"application/x-python-serialize\", \"properties\": {\"body_encoding\": \"base64\", \"correlation_id\": \"9461e486-6d8d-430d-bf4b-4da05d768e2a\", \"reply_to\": \"3a1221b4-b59d-3e6e-86d4-50fbc86bd123\", \"delivery_info\": {\"priority\": 0, \"routing_key\": \"celery\", \"exchange\": \"celery\"}, \"delivery_mode\": 2, \"delivery_tag\": \"2ec74956-0dbc-4bdc-8f0a-c1d68b681db0\"}, \"content-encoding\": \"binary\"}"}}, {"pk": 49224, "model": "django.message", "fields": {"queue": 1, "visible": false, "sent_at": "2014-05-09T07:16:10.547Z", "payload": "{\"body\": \"gAJ9cQEoVQdleHBpcmVzcQJOVQN1dGNxA4hVBGFyZ3NxBEsCWAAAAABYBAAAAG5vbmVxBYdxBlUFY2hvcmRxB05VCWNhbGxiYWNrc3EITlUIZXJyYmFja3NxCU5VB3Rhc2tzZXRxCk5VAmlkcQtVJDJhMWZmMmU5LWU0YzUtNDMwYS1iN2NiLTA3YjgwYWY1MjJhZHEMVQdyZXRyaWVzcQ1LAFUEdGFza3EOVRx3ZWJmYWN0aW9uLnRhc2tzLmNyZWF0ZV91c2VycQ9VCXRpbWVsaW1pdHEQTk6GVQNldGFxEU5VBmt3YXJnc3ESfXETdS4=\", \"headers\": {}, \"content-type\": \"application/x-python-serialize\", \"properties\": {\"body_encoding\": \"base64\", \"correlation_id\": \"2a1ff2e9-e4c5-430a-b7cb-07b80af522ad\", \"reply_to\": \"376e8f13-c841-38e1-8c2f-87537b8130c7\", \"delivery_info\": {\"priority\": 0, \"routing_key\": \"celery\", \"exchange\": \"celery\"}, \"delivery_mode\": 2, \"delivery_tag\": \"3681a22a-15d4-4414-8410-a716ef5ae957\"}, \"content-encoding\": \"binary\"}"}}, {"pk": 49225, "model": "django.message", "fields": {"queue": 1, "visible": false, "sent_at": "2014-05-09T07:16:10.550Z", "payload": "{\"body\": \"gAJ9cQEoVQdleHBpcmVzcQJOVQN1dGNxA4hVBGFyZ3NxBEsBWAAAAABYBAAAAG5vbmVxBYdxBlUFY2hvcmRxB05VCWNhbGxiYWNrc3EITlUIZXJyYmFja3NxCU5VB3Rhc2tzZXRxCk5VAmlkcQtVJDQ5NWM3NTI4LWQ1MWQtNGNjOC05NTY3LTM2M2Q1ZDFkMzIzN3EMVQdyZXRyaWVzcQ1LAFUEdGFza3EOVRx3ZWJmYWN0aW9uLnRhc2tzLmNyZWF0ZV91c2VycQ9VCXRpbWVsaW1pdHEQTk6GVQNldGFxEU5VBmt3YXJnc3ESfXETdS4=\", \"headers\": {}, \"content-type\": \"application/x-python-serialize\", \"properties\": {\"body_encoding\": \"base64\", \"correlation_id\": \"495c7528-d51d-4cc8-9567-363d5d1d3237\", \"reply_to\": \"448ced3a-5bba-3fc3-aae3-6d4a2400eb02\", \"delivery_info\": {\"priority\": 0, \"routing_key\": \"celery\", \"exchange\": \"celery\"}, \"delivery_mode\": 2, \"delivery_tag\": \"1d928865-0c79-4269-8620-7e04a0f7ceaf\"}, \"content-encoding\": \"binary\"}"}}, {"pk": 49226, "model": "django.message", "fields": {"queue": 1, "visible": false, "sent_at": "2014-05-09T07:16:16.172Z", "payload": "{\"body\": \"gAJ9cQEoVQdleHBpcmVzcQJOVQN1dGNxA4hVBGFyZ3NxBEsBWAAAAABYBAAAAG5vbmVxBYdxBlUFY2hvcmRxB05VCWNhbGxiYWNrc3EITlUIZXJyYmFja3NxCU5VB3Rhc2tzZXRxCk5VAmlkcQtVJGM0Y2M0MzczLTQwYjgtNGIzMC1iMzAyLTZkODlmYTFiNDFmZHEMVQdyZXRyaWVzcQ1LAFUEdGFza3EOVRx3ZWJmYWN0aW9uLnRhc2tzLmNyZWF0ZV91c2VycQ9VCXRpbWVsaW1pdHEQTk6GVQNldGFxEU5VBmt3YXJnc3ESfXETdS4=\", \"headers\": {}, \"content-type\": \"application/x-python-serialize\", \"properties\": {\"body_encoding\": \"base64\", \"correlation_id\": \"c4cc4373-40b8-4b30-b302-6d89fa1b41fd\", \"reply_to\": \"3a1221b4-b59d-3e6e-86d4-50fbc86bd123\", \"delivery_info\": {\"priority\": 0, \"routing_key\": \"celery\", \"exchange\": \"celery\"}, \"delivery_mode\": 2, \"delivery_tag\": \"4aff8c64-0709-4f4b-af25-1bd1eb7e6b6b\"}, \"content-encoding\": \"binary\"}"}}, {"pk": 49227, "model": "django.message", "fields": {"queue": 1, "visible": false, "sent_at": "2014-05-09T07:16:16.176Z", "payload": "{\"body\": \"gAJ9cQEoVQdleHBpcmVzcQJOVQN1dGNxA4hVBGFyZ3NxBEsCWAAAAABYBAAAAG5vbmVxBYdxBlUFY2hvcmRxB05VCWNhbGxiYWNrc3EITlUIZXJyYmFja3NxCU5VB3Rhc2tzZXRxCk5VAmlkcQtVJDRiMjIxNTFhLTI4ZjYtNDUwZS04NTEzLWQ1N2JkNzI3MWRlYnEMVQdyZXRyaWVzcQ1LAFUEdGFza3EOVRx3ZWJmYWN0aW9uLnRhc2tzLmNyZWF0ZV91c2VycQ9VCXRpbWVsaW1pdHEQTk6GVQNldGFxEU5VBmt3YXJnc3ESfXETdS4=\", \"headers\": {}, \"content-type\": \"application/x-python-serialize\", \"properties\": {\"body_encoding\": \"base64\", \"correlation_id\": \"4b22151a-28f6-450e-8513-d57bd7271deb\", \"reply_to\": \"6729c832-3c0b-37e4-ba26-f63734a389c5\", \"delivery_info\": {\"priority\": 0, \"routing_key\": \"celery\", \"exchange\": \"celery\"}, \"delivery_mode\": 2, \"delivery_tag\": \"00257447-9634-416c-ad63-d120925331a3\"}, \"content-encoding\": \"binary\"}"}}, {"pk": 49228, "model": "django.message", "fields": {"queue": 1, "visible": true, "sent_at": "2014-05-09T07:16:20.543Z", "payload": "{\"body\": \"gAJ9cQEoVQdleHBpcmVzcQJOVQN1dGNxA4hVBGFyZ3NxBEsCWAAAAABYBAAAAG5vbmVxBYdxBlUFY2hvcmRxB05VCWNhbGxiYWNrc3EITlUIZXJyYmFja3NxCU5VB3Rhc2tzZXRxCk5VAmlkcQtVJGE0OTc0Mjc3LWZkYzctNDgxMS05OTJlLTM4MGZjZDVmOTE4MHEMVQdyZXRyaWVzcQ1LAFUEdGFza3EOVRx3ZWJmYWN0aW9uLnRhc2tzLmNyZWF0ZV91c2VycQ9VCXRpbWVsaW1pdHEQTk6GVQNldGFxEU5VBmt3YXJnc3ESfXETdS4=\", \"headers\": {}, \"content-type\": \"application/x-python-serialize\", \"properties\": {\"body_encoding\": \"base64\", \"correlation_id\": \"a4974277-fdc7-4811-992e-380fcd5f9180\", \"reply_to\": \"448ced3a-5bba-3fc3-aae3-6d4a2400eb02\", \"delivery_info\": {\"priority\": 0, \"routing_key\": \"celery\", \"exchange\": \"celery\"}, \"delivery_mode\": 2, \"delivery_tag\": \"bd008e2d-a3a4-4e4d-b302-db98ed58b7e3\"}, \"content-encoding\": \"binary\"}"}}, {"pk": 49229, "model": "django.message", "fields": {"queue": 1, "visible": true, "sent_at": "2014-05-09T07:16:20.544Z", "payload": "{\"body\": \"gAJ9cQEoVQdleHBpcmVzcQJOVQN1dGNxA4hVBGFyZ3NxBEsBWAAAAABYBAAAAG5vbmVxBYdxBlUFY2hvcmRxB05VCWNhbGxiYWNrc3EITlUIZXJyYmFja3NxCU5VB3Rhc2tzZXRxCk5VAmlkcQtVJDBkOTBjZWQ1LTFiZGUtNDUxZC1hOWJlLTc2ODMxYmQ2MGE5NnEMVQdyZXRyaWVzcQ1LAFUEdGFza3EOVRx3ZWJmYWN0aW9uLnRhc2tzLmNyZWF0ZV91c2VycQ9VCXRpbWVsaW1pdHEQTk6GVQNldGFxEU5VBmt3YXJnc3ESfXETdS4=\", \"headers\": {}, \"content-type\": \"application/x-python-serialize\", \"properties\": {\"body_encoding\": \"base64\", \"correlation_id\": \"0d90ced5-1bde-451d-a9be-76831bd60a96\", \"reply_to\": \"376e8f13-c841-38e1-8c2f-87537b8130c7\", \"delivery_info\": {\"priority\": 0, \"routing_key\": \"celery\", \"exchange\": \"celery\"}, \"delivery_mode\": 2, \"delivery_tag\": \"310813c4-fd20-4f8d-9096-6983b016d057\"}, \"content-encoding\": \"binary\"}"}}, {"pk": 49230, "model": "django.message", "fields": {"queue": 1, "visible": true, "sent_at": "2014-05-15T13:34:10.299Z", "payload": "{\"body\": \"gAJ9cQEoVQdleHBpcmVzcQJOVQN1dGNxA4hVBGFyZ3NxBFgQAAAAYmV5b25kdGhld2FsbC5jaHEFhXEGVQVjaG9yZHEHTlUJY2FsbGJhY2tzcQhOVQhlcnJiYWNrc3EJTlUHdGFza3NldHEKTlUCaWRxC1UkYmYyNGJkYjAtNzNjMi00MTJkLWE2MGItZGM2MTE4MTQ5NTAycQxVB3JldHJpZXNxDUsAVQR0YXNrcQ5VG2RvbWFpbnMudGFza3MuY3JlYXRlX2RvbWFpbnEPVQl0aW1lbGltaXRxEE5OhlUDZXRhcRFOVQZrd2FyZ3NxEn1xE3Uu\", \"headers\": {}, \"content-type\": \"application/x-python-serialize\", \"properties\": {\"body_encoding\": \"base64\", \"correlation_id\": \"bf24bdb0-73c2-412d-a60b-dc6118149502\", \"reply_to\": \"d290777c-3e1c-357f-b64f-be0b9505f0b6\", \"delivery_info\": {\"priority\": 0, \"routing_key\": \"celery\", \"exchange\": \"celery\"}, \"delivery_mode\": 2, \"delivery_tag\": \"1c5b9ec5-1b22-483a-8722-a41383781ee6\"}, \"content-encoding\": \"binary\"}"}}, {"pk": 49231, "model": "django.message", "fields": {"queue": 1, "visible": true, "sent_at": "2014-05-15T13:34:10.353Z", "payload": "{\"body\": \"gAJ9cQEoVQdleHBpcmVzcQJOVQN1dGNxA4hVBGFyZ3NxBFgQAAAAYmV5b25kdGhld2FsbC5jaHEFhXEGVQVjaG9yZHEHTlUJY2FsbGJhY2tzcQhOVQhlcnJiYWNrc3EJTlUHdGFza3NldHEKTlUCaWRxC1UkZDZiMzI0OTEtMjk5MC00MjlkLTg4MTYtYmFjZTMzYWYzNGUwcQxVB3JldHJpZXNxDUsAVQR0YXNrcQ5VG2RvbWFpbnMudGFza3MuY3JlYXRlX2RvbWFpbnEPVQl0aW1lbGltaXRxEE5OhlUDZXRhcRFOVQZrd2FyZ3NxEn1xE3Uu\", \"headers\": {}, \"content-type\": \"application/x-python-serialize\", \"properties\": {\"body_encoding\": \"base64\", \"correlation_id\": \"d6b32491-2990-429d-8816-bace33af34e0\", \"reply_to\": \"d290777c-3e1c-357f-b64f-be0b9505f0b6\", \"delivery_info\": {\"priority\": 0, \"routing_key\": \"celery\", \"exchange\": \"celery\"}, \"delivery_mode\": 2, \"delivery_tag\": \"f79bee4f-db0e-4358-9edb-62e73db16ec7\"}, \"content-encoding\": \"binary\"}"}}, {"pk": 49232, "model": "django.message", "fields": {"queue": 1, "visible": true, "sent_at": "2014-05-15T13:34:47.625Z", "payload": "{\"body\": \"gAJ9cQEoVQdleHBpcmVzcQJOVQN1dGNxA4hVBGFyZ3NxBFgQAAAAYmV5b25kdGhld2FsbC5jaHEFhXEGVQVjaG9yZHEHTlUJY2FsbGJhY2tzcQhOVQhlcnJiYWNrc3EJTlUHdGFza3NldHEKTlUCaWRxC1UkZjI4MDFhY2YtNDcwZi00NmMzLWJmMGItNjc0NGVhYTc3OWZmcQxVB3JldHJpZXNxDUsAVQR0YXNrcQ5VG2RvbWFpbnMudGFza3MuY3JlYXRlX2RvbWFpbnEPVQl0aW1lbGltaXRxEE5OhlUDZXRhcRFOVQZrd2FyZ3NxEn1xE3Uu\", \"headers\": {}, \"content-type\": \"application/x-python-serialize\", \"properties\": {\"body_encoding\": \"base64\", \"correlation_id\": \"f2801acf-470f-46c3-bf0b-6744eaa779ff\", \"reply_to\": \"d290777c-3e1c-357f-b64f-be0b9505f0b6\", \"delivery_info\": {\"priority\": 0, \"routing_key\": \"celery\", \"exchange\": \"celery\"}, \"delivery_mode\": 2, \"delivery_tag\": \"9165f8d2-76c3-4992-bc19-694c67f45690\"}, \"content-encoding\": \"binary\"}"}}, {"pk": 49233, "model": "django.message", "fields": {"queue": 1, "visible": true, "sent_at": "2014-05-15T13:34:47.663Z", "payload": "{\"body\": \"gAJ9cQEoVQdleHBpcmVzcQJOVQN1dGNxA4hVBGFyZ3NxBFgQAAAAYmV5b25kdGhld2FsbC5jaHEFWAQAAAB0b3RvcQaGcQdVBWNob3JkcQhOVQljYWxsYmFja3NxCU5VCGVycmJhY2tzcQpOVQd0YXNrc2V0cQtOVQJpZHEMVSRhOTI0MmMyOS04ZmEwLTRlN2YtOWM1Yi04ZmRmYmUxNzZiODdxDVUHcmV0cmllc3EOSwBVBHRhc2txD1UeZG9tYWlucy50YXNrcy5kZWxldGVfc3ViZG9tYWlucRBVCXRpbWVsaW1pdHERTk6GVQNldGFxEk5VBmt3YXJnc3ETfXEUdS4=\", \"headers\": {}, \"content-type\": \"application/x-python-serialize\", \"properties\": {\"body_encoding\": \"base64\", \"correlation_id\": \"a9242c29-8fa0-4e7f-9c5b-8fdfbe176b87\", \"reply_to\": \"d290777c-3e1c-357f-b64f-be0b9505f0b6\", \"delivery_info\": {\"priority\": 0, \"routing_key\": \"celery\", \"exchange\": \"celery\"}, \"delivery_mode\": 2, \"delivery_tag\": \"8a994fa5-072b-4178-80e5-7a52cfe77b7f\"}, \"content-encoding\": \"binary\"}"}}, {"pk": 49234, "model": "django.message", "fields": {"queue": 1, "visible": true, "sent_at": "2014-05-15T13:34:58.168Z", "payload": "{\"body\": \"gAJ9cQEoVQdleHBpcmVzcQJOVQN1dGNxA4hVBGFyZ3NxBFgQAAAAYmV5b25kdGhld2FsbC5jaHEFhXEGVQVjaG9yZHEHTlUJY2FsbGJhY2tzcQhOVQhlcnJiYWNrc3EJTlUHdGFza3NldHEKTlUCaWRxC1UkOTg0ZTYzMjktN2EyYS00MGU0LWE3YzMtMTI1YzJkN2U3NDU2cQxVB3JldHJpZXNxDUsAVQR0YXNrcQ5VG2RvbWFpbnMudGFza3MuY3JlYXRlX2RvbWFpbnEPVQl0aW1lbGltaXRxEE5OhlUDZXRhcRFOVQZrd2FyZ3NxEn1xE3Uu\", \"headers\": {}, \"content-type\": \"application/x-python-serialize\", \"properties\": {\"body_encoding\": \"base64\", \"correlation_id\": \"984e6329-7a2a-40e4-a7c3-125c2d7e7456\", \"reply_to\": \"d290777c-3e1c-357f-b64f-be0b9505f0b6\", \"delivery_info\": {\"priority\": 0, \"routing_key\": \"celery\", \"exchange\": \"celery\"}, \"delivery_mode\": 2, \"delivery_tag\": \"861a18ae-98d1-4b34-8067-7d278c717b08\"}, \"content-encoding\": \"binary\"}"}}, {"pk": 49235, "model": "django.message", "fields": {"queue": 1, "visible": true, "sent_at": "2014-05-15T13:34:58.208Z", "payload": "{\"body\": \"gAJ9cQEoVQdleHBpcmVzcQJOVQN1dGNxA4hVBGFyZ3NxBFgQAAAAYmV5b25kdGhld2FsbC5jaHEFWAQAAAB0b3RvcQaGcQdVBWNob3JkcQhOVQljYWxsYmFja3NxCU5VCGVycmJhY2tzcQpOVQd0YXNrc2V0cQtOVQJpZHEMVSQ2ZDI0MDMzZi0zNDQ4LTRhYzktOWFlZC1mYzYwMzhiYzE3NWFxDVUHcmV0cmllc3EOSwBVBHRhc2txD1UeZG9tYWlucy50YXNrcy5kZWxldGVfc3ViZG9tYWlucRBVCXRpbWVsaW1pdHERTk6GVQNldGFxEk5VBmt3YXJnc3ETfXEUdS4=\", \"headers\": {}, \"content-type\": \"application/x-python-serialize\", \"properties\": {\"body_encoding\": \"base64\", \"correlation_id\": \"6d24033f-3448-4ac9-9aed-fc6038bc175a\", \"reply_to\": \"d290777c-3e1c-357f-b64f-be0b9505f0b6\", \"delivery_info\": {\"priority\": 0, \"routing_key\": \"celery\", \"exchange\": \"celery\"}, \"delivery_mode\": 2, \"delivery_tag\": \"d8c40009-a1fa-48a0-b743-159f10d38ddd\"}, \"content-encoding\": \"binary\"}"}}, {"pk": 49236, "model": "django.message", "fields": {"queue": 1, "visible": true, "sent_at": "2014-05-15T13:48:11.916Z", "payload": "{\"body\": \"gAJ9cQEoVQdleHBpcmVzcQJOVQN1dGNxA4hVBGFyZ3NxBFgQAAAAYmV5b25kdGhld2FsbC5jaHEFhXEGVQVjaG9yZHEHTlUJY2FsbGJhY2tzcQhOVQhlcnJiYWNrc3EJTlUHdGFza3NldHEKTlUCaWRxC1UkMzgwN2Q2YjYtM2RlNy00YmMzLTk2ZDEtMjFlMGI2NWUyZTI0cQxVB3JldHJpZXNxDUsAVQR0YXNrcQ5VG2RvbWFpbnMudGFza3MuY3JlYXRlX2RvbWFpbnEPVQl0aW1lbGltaXRxEE5OhlUDZXRhcRFOVQZrd2FyZ3NxEn1xE3Uu\", \"headers\": {}, \"content-type\": \"application/x-python-serialize\", \"properties\": {\"body_encoding\": \"base64\", \"correlation_id\": \"3807d6b6-3de7-4bc3-96d1-21e0b65e2e24\", \"reply_to\": \"c629f12f-6671-302f-a58a-d09274dc112f\", \"delivery_info\": {\"priority\": 0, \"routing_key\": \"celery\", \"exchange\": \"celery\"}, \"delivery_mode\": 2, \"delivery_tag\": \"e6120e97-044a-4d1e-b818-954fe1c4c19c\"}, \"content-encoding\": \"binary\"}"}}, {"pk": 49237, "model": "django.message", "fields": {"queue": 1, "visible": true, "sent_at": "2014-05-15T13:48:11.957Z", "payload": "{\"body\": \"gAJ9cQEoVQdleHBpcmVzcQJOVQN1dGNxA4hVBGFyZ3NxBFgQAAAAYmV5b25kdGhld2FsbC5jaHEFWAQAAAB0b3RvcQaGcQdVBWNob3JkcQhOVQljYWxsYmFja3NxCU5VCGVycmJhY2tzcQpOVQd0YXNrc2V0cQtOVQJpZHEMVSQyMmEwMzYzZi02NzE3LTQwYTItOGY2MS0zOWU1ZWQ4OGRiOGJxDVUHcmV0cmllc3EOSwBVBHRhc2txD1UeZG9tYWlucy50YXNrcy5kZWxldGVfc3ViZG9tYWlucRBVCXRpbWVsaW1pdHERTk6GVQNldGFxEk5VBmt3YXJnc3ETfXEUdS4=\", \"headers\": {}, \"content-type\": \"application/x-python-serialize\", \"properties\": {\"body_encoding\": \"base64\", \"correlation_id\": \"22a0363f-6717-40a2-8f61-39e5ed88db8b\", \"reply_to\": \"c629f12f-6671-302f-a58a-d09274dc112f\", \"delivery_info\": {\"priority\": 0, \"routing_key\": \"celery\", \"exchange\": \"celery\"}, \"delivery_mode\": 2, \"delivery_tag\": \"2d20e6d9-f4b8-4689-9cc6-cd11096bfa73\"}, \"content-encoding\": \"binary\"}"}}, {"pk": 49238, "model": "django.message", "fields": {"queue": 1, "visible": true, "sent_at": "2014-05-15T13:49:11.916Z", "payload": "{\"body\": \"gAJ9cQEoVQdleHBpcmVzcQJOVQN1dGNxA4hVBGFyZ3NxBFgRAAAAYmV5b25kdGhld2FsbDIuY2hxBYVxBlUFY2hvcmRxB05VCWNhbGxiYWNrc3EITlUIZXJyYmFja3NxCU5VB3Rhc2tzZXRxCk5VAmlkcQtVJDcwZDMzZDJmLWZiZWUtNDcyYS05MmQwLTU4OGM2NDgxZDNmM3EMVQdyZXRyaWVzcQ1LAFUEdGFza3EOVRtkb21haW5zLnRhc2tzLmNyZWF0ZV9kb21haW5xD1UJdGltZWxpbWl0cRBOToZVA2V0YXERTlUGa3dhcmdzcRJ9cRN1Lg==\", \"headers\": {}, \"content-type\": \"application/x-python-serialize\", \"properties\": {\"body_encoding\": \"base64\", \"correlation_id\": \"70d33d2f-fbee-472a-92d0-588c6481d3f3\", \"reply_to\": \"c629f12f-6671-302f-a58a-d09274dc112f\", \"delivery_info\": {\"priority\": 0, \"routing_key\": \"celery\", \"exchange\": \"celery\"}, \"delivery_mode\": 2, \"delivery_tag\": \"e77545a7-fd2c-4d8f-a059-f6e22ecb250e\"}, \"content-encoding\": \"binary\"}"}}, {"pk": 49239, "model": "django.message", "fields": {"queue": 1, "visible": true, "sent_at": "2014-05-15T13:49:11.937Z", "payload": "{\"body\": \"gAJ9cQEoVQdleHBpcmVzcQJOVQN1dGNxA4hVBGFyZ3NxBFgQAAAAYmV5b25kdGhld2FsbC5jaHEFhXEGVQVjaG9yZHEHTlUJY2FsbGJhY2tzcQhOVQhlcnJiYWNrc3EJTlUHdGFza3NldHEKTlUCaWRxC1UkNDBjNGQ5NTctMzU4NC00YzgwLWJjNjAtNDk2YjYzM2FmOTNmcQxVB3JldHJpZXNxDUsAVQR0YXNrcQ5VG2RvbWFpbnMudGFza3MuZGVsZXRlX2RvbWFpbnEPVQl0aW1lbGltaXRxEE5OhlUDZXRhcRFOVQZrd2FyZ3NxEn1xE3Uu\", \"headers\": {}, \"content-type\": \"application/x-python-serialize\", \"properties\": {\"body_encoding\": \"base64\", \"correlation_id\": \"40c4d957-3584-4c80-bc60-496b633af93f\", \"reply_to\": \"c629f12f-6671-302f-a58a-d09274dc112f\", \"delivery_info\": {\"priority\": 0, \"routing_key\": \"celery\", \"exchange\": \"celery\"}, \"delivery_mode\": 2, \"delivery_tag\": \"83ab36ad-2a4d-46bf-92f0-dad8aee837a4\"}, \"content-encoding\": \"binary\"}"}}, {"pk": 49240, "model": "django.message", "fields": {"queue": 1, "visible": true, "sent_at": "2014-05-15T13:49:18.707Z", "payload": "{\"body\": \"gAJ9cQEoVQdleHBpcmVzcQJOVQN1dGNxA4hVBGFyZ3NxBFgQAAAAYmV5b25kdGhld2FsbC5jaHEFhXEGVQVjaG9yZHEHTlUJY2FsbGJhY2tzcQhOVQhlcnJiYWNrc3EJTlUHdGFza3NldHEKTlUCaWRxC1UkNjBlYWE4NjctNDY1MC00YmNhLThhZGItYjhjNWU0NmZhYmY4cQxVB3JldHJpZXNxDUsAVQR0YXNrcQ5VG2RvbWFpbnMudGFza3MuY3JlYXRlX2RvbWFpbnEPVQl0aW1lbGltaXRxEE5OhlUDZXRhcRFOVQZrd2FyZ3NxEn1xE3Uu\", \"headers\": {}, \"content-type\": \"application/x-python-serialize\", \"properties\": {\"body_encoding\": \"base64\", \"correlation_id\": \"60eaa867-4650-4bca-8adb-b8c5e46fabf8\", \"reply_to\": \"c629f12f-6671-302f-a58a-d09274dc112f\", \"delivery_info\": {\"priority\": 0, \"routing_key\": \"celery\", \"exchange\": \"celery\"}, \"delivery_mode\": 2, \"delivery_tag\": \"434da14a-a509-4949-9b84-3d27d7fc4ece\"}, \"content-encoding\": \"binary\"}"}}, {"pk": 49241, "model": "django.message", "fields": {"queue": 1, "visible": true, "sent_at": "2014-05-15T13:49:18.726Z", "payload": "{\"body\": \"gAJ9cQEoVQdleHBpcmVzcQJOVQN1dGNxA4hVBGFyZ3NxBFgRAAAAYmV5b25kdGhld2FsbDIuY2hxBYVxBlUFY2hvcmRxB05VCWNhbGxiYWNrc3EITlUIZXJyYmFja3NxCU5VB3Rhc2tzZXRxCk5VAmlkcQtVJGQwY2I4NmExLTdmZTYtNDZiOC1hM2YwLTMyOGNhM2QyZWJkOXEMVQdyZXRyaWVzcQ1LAFUEdGFza3EOVRtkb21haW5zLnRhc2tzLmRlbGV0ZV9kb21haW5xD1UJdGltZWxpbWl0cRBOToZVA2V0YXERTlUGa3dhcmdzcRJ9cRN1Lg==\", \"headers\": {}, \"content-type\": \"application/x-python-serialize\", \"properties\": {\"body_encoding\": \"base64\", \"correlation_id\": \"d0cb86a1-7fe6-46b8-a3f0-328ca3d2ebd9\", \"reply_to\": \"c629f12f-6671-302f-a58a-d09274dc112f\", \"delivery_info\": {\"priority\": 0, \"routing_key\": \"celery\", \"exchange\": \"celery\"}, \"delivery_mode\": 2, \"delivery_tag\": \"cea774ba-13bb-46d3-b5b3-8a7a2452fcd1\"}, \"content-encoding\": \"binary\"}"}}, {"pk": 49242, "model": "django.message", "fields": {"queue": 1, "visible": true, "sent_at": "2014-05-15T13:49:24.650Z", "payload": "{\"body\": \"gAJ9cQEoVQdleHBpcmVzcQJOVQN1dGNxA4hVBGFyZ3NxBFgQAAAAYmV5b25kdGhld2FsbC5jaHEFhXEGVQVjaG9yZHEHTlUJY2FsbGJhY2tzcQhOVQhlcnJiYWNrc3EJTlUHdGFza3NldHEKTlUCaWRxC1UkMWFjMzg4N2YtNmQ3MS00ZTFhLTk1YjYtYzM0ODg3ZDg5ODRhcQxVB3JldHJpZXNxDUsAVQR0YXNrcQ5VG2RvbWFpbnMudGFza3MuY3JlYXRlX2RvbWFpbnEPVQl0aW1lbGltaXRxEE5OhlUDZXRhcRFOVQZrd2FyZ3NxEn1xE3Uu\", \"headers\": {}, \"content-type\": \"application/x-python-serialize\", \"properties\": {\"body_encoding\": \"base64\", \"correlation_id\": \"1ac3887f-6d71-4e1a-95b6-c34887d8984a\", \"reply_to\": \"c629f12f-6671-302f-a58a-d09274dc112f\", \"delivery_info\": {\"priority\": 0, \"routing_key\": \"celery\", \"exchange\": \"celery\"}, \"delivery_mode\": 2, \"delivery_tag\": \"ea19387f-8040-4187-b264-b0076ebede24\"}, \"content-encoding\": \"binary\"}"}}, {"pk": 49243, "model": "django.message", "fields": {"queue": 1, "visible": true, "sent_at": "2014-05-15T13:49:24.697Z", "payload": "{\"body\": \"gAJ9cQEoVQdleHBpcmVzcQJOVQN1dGNxA4hVBGFyZ3NxBFgQAAAAYmV5b25kdGhld2FsbC5jaHEFhXEGVQVjaG9yZHEHTlUJY2FsbGJhY2tzcQhOVQhlcnJiYWNrc3EJTlUHdGFza3NldHEKTlUCaWRxC1UkYzkzOWY3ZWEtOTI0ZS00YWZjLWFlNDktNTg0N2RkNWMzNDNlcQxVB3JldHJpZXNxDUsAVQR0YXNrcQ5VG2RvbWFpbnMudGFza3MuY3JlYXRlX2RvbWFpbnEPVQl0aW1lbGltaXRxEE5OhlUDZXRhcRFOVQZrd2FyZ3NxEn1xE3Uu\", \"headers\": {}, \"content-type\": \"application/x-python-serialize\", \"properties\": {\"body_encoding\": \"base64\", \"correlation_id\": \"c939f7ea-924e-4afc-ae49-5847dd5c343e\", \"reply_to\": \"c629f12f-6671-302f-a58a-d09274dc112f\", \"delivery_info\": {\"priority\": 0, \"routing_key\": \"celery\", \"exchange\": \"celery\"}, \"delivery_mode\": 2, \"delivery_tag\": \"81782bf3-3a80-4ed2-9a73-976b07131ec4\"}, \"content-encoding\": \"binary\"}"}}, {"pk": 49244, "model": "django.message", "fields": {"queue": 1, "visible": true, "sent_at": "2014-05-15T13:49:31.045Z", "payload": "{\"body\": \"gAJ9cQEoVQdleHBpcmVzcQJOVQN1dGNxA4hVBGFyZ3NxBFgQAAAAYmV5b25kdGhld2FsbC5jaHEFhXEGVQVjaG9yZHEHTlUJY2FsbGJhY2tzcQhOVQhlcnJiYWNrc3EJTlUHdGFza3NldHEKTlUCaWRxC1UkOWU3NTJmYjQtOGExNy00ZWIyLWFkZTAtY2I1YmI2MDQwOTM3cQxVB3JldHJpZXNxDUsAVQR0YXNrcQ5VG2RvbWFpbnMudGFza3MuY3JlYXRlX2RvbWFpbnEPVQl0aW1lbGltaXRxEE5OhlUDZXRhcRFOVQZrd2FyZ3NxEn1xE3Uu\", \"headers\": {}, \"content-type\": \"application/x-python-serialize\", \"properties\": {\"body_encoding\": \"base64\", \"correlation_id\": \"9e752fb4-8a17-4eb2-ade0-cb5bb6040937\", \"reply_to\": \"c629f12f-6671-302f-a58a-d09274dc112f\", \"delivery_info\": {\"priority\": 0, \"routing_key\": \"celery\", \"exchange\": \"celery\"}, \"delivery_mode\": 2, \"delivery_tag\": \"d392e862-e9e4-41b4-aae6-720efe545efe\"}, \"content-encoding\": \"binary\"}"}}, {"pk": 49245, "model": "django.message", "fields": {"queue": 1, "visible": true, "sent_at": "2014-05-15T13:49:31.088Z", "payload": "{\"body\": \"gAJ9cQEoVQdleHBpcmVzcQJOVQN1dGNxA4hVBGFyZ3NxBFgQAAAAYmV5b25kdGhld2FsbC5jaHEFWAQAAAB0ZXJycQaGcQdVBWNob3JkcQhOVQljYWxsYmFja3NxCU5VCGVycmJhY2tzcQpOVQd0YXNrc2V0cQtOVQJpZHEMVSQ0ZmZhZTNkYS04YjIzLTRkNmYtOTI5Ny01NWVjMmRmMjBjY2FxDVUHcmV0cmllc3EOSwBVBHRhc2txD1UeZG9tYWlucy50YXNrcy5kZWxldGVfc3ViZG9tYWlucRBVCXRpbWVsaW1pdHERTk6GVQNldGFxEk5VBmt3YXJnc3ETfXEUdS4=\", \"headers\": {}, \"content-type\": \"application/x-python-serialize\", \"properties\": {\"body_encoding\": \"base64\", \"correlation_id\": \"4ffae3da-8b23-4d6f-9297-55ec2df20cca\", \"reply_to\": \"c629f12f-6671-302f-a58a-d09274dc112f\", \"delivery_info\": {\"priority\": 0, \"routing_key\": \"celery\", \"exchange\": \"celery\"}, \"delivery_mode\": 2, \"delivery_tag\": \"cd007a39-3845-443a-9c64-cba4c317797b\"}, \"content-encoding\": \"binary\"}"}}, {"pk": 49246, "model": "django.message", "fields": {"queue": 1, "visible": true, "sent_at": "2014-05-15T14:25:16.985Z", "payload": "{\"body\": \"gAJ9cQEoVQdleHBpcmVzcQJOVQN1dGNxA4hVBGFyZ3NxBFgQAAAAYmV5b25kdGhld2FsbC5jaHEFhXEGVQVjaG9yZHEHTlUJY2FsbGJhY2tzcQhOVQhlcnJiYWNrc3EJTlUHdGFza3NldHEKTlUCaWRxC1UkODI2YWI2N2YtYzU5Ni00NGE1LTk1ZmUtZGI2MThlYzFiODM4cQxVB3JldHJpZXNxDUsAVQR0YXNrcQ5VG2RvbWFpbnMudGFza3MuY3JlYXRlX2RvbWFpbnEPVQl0aW1lbGltaXRxEE5OhlUDZXRhcRFOVQZrd2FyZ3NxEn1xE3Uu\", \"headers\": {}, \"content-type\": \"application/x-python-serialize\", \"properties\": {\"body_encoding\": \"base64\", \"correlation_id\": \"826ab67f-c596-44a5-95fe-db618ec1b838\", \"reply_to\": \"b5295ad0-ec85-31e5-a44d-6c95580ac990\", \"delivery_info\": {\"priority\": 0, \"routing_key\": \"celery\", \"exchange\": \"celery\"}, \"delivery_mode\": 2, \"delivery_tag\": \"07b22054-9e25-4b17-b312-06a1d2edb9e2\"}, \"content-encoding\": \"binary\"}"}}, {"pk": 49247, "model": "django.message", "fields": {"queue": 1, "visible": true, "sent_at": "2014-05-15T14:25:17.034Z", "payload": "{\"body\": \"gAJ9cQEoVQdleHBpcmVzcQJOVQN1dGNxA4hVBGFyZ3NxBFgQAAAAYmV5b25kdGhld2FsbC5jaHEFWAQAAAB0ZXJycQaGcQdVBWNob3JkcQhOVQljYWxsYmFja3NxCU5VCGVycmJhY2tzcQpOVQd0YXNrc2V0cQtOVQJpZHEMVSQ4OWI4NTMyMi00ZDI3LTRmMjEtYjgzOC00NGE2MGIzMTczNDNxDVUHcmV0cmllc3EOSwBVBHRhc2txD1UeZG9tYWlucy50YXNrcy5kZWxldGVfc3ViZG9tYWlucRBVCXRpbWVsaW1pdHERTk6GVQNldGFxEk5VBmt3YXJnc3ETfXEUdS4=\", \"headers\": {}, \"content-type\": \"application/x-python-serialize\", \"properties\": {\"body_encoding\": \"base64\", \"correlation_id\": \"89b85322-4d27-4f21-b838-44a60b317343\", \"reply_to\": \"b5295ad0-ec85-31e5-a44d-6c95580ac990\", \"delivery_info\": {\"priority\": 0, \"routing_key\": \"celery\", \"exchange\": \"celery\"}, \"delivery_mode\": 2, \"delivery_tag\": \"9ac1e98b-e863-4152-a451-8043d5902e8c\"}, \"content-encoding\": \"binary\"}"}}, {"pk": 49248, "model": "django.message", "fields": {"queue": 1, "visible": true, "sent_at": "2014-05-15T14:45:50.205Z", "payload": "{\"body\": \"gAJ9cQEoVQdleHBpcmVzcQJOVQN1dGNxA4hVBGFyZ3NxBFgQAAAAYmV5b25kdGhld2FsbC5jaHEFhXEGVQVjaG9yZHEHTlUJY2FsbGJhY2tzcQhOVQhlcnJiYWNrc3EJTlUHdGFza3NldHEKTlUCaWRxC1UkZjQ2YWExZTgtMzhjNC00ZmNiLWJiZjItNjI0OTU4MjM5ZTQ2cQxVB3JldHJpZXNxDUsAVQR0YXNrcQ5VG2RvbWFpbnMudGFza3MuY3JlYXRlX2RvbWFpbnEPVQl0aW1lbGltaXRxEE5OhlUDZXRhcRFOVQZrd2FyZ3NxEn1xE3Uu\", \"headers\": {}, \"content-type\": \"application/x-python-serialize\", \"properties\": {\"body_encoding\": \"base64\", \"correlation_id\": \"f46aa1e8-38c4-4fcb-bbf2-624958239e46\", \"reply_to\": \"65fcd14a-1252-3a6b-bd37-9781e4b1bd10\", \"delivery_info\": {\"priority\": 0, \"routing_key\": \"celery\", \"exchange\": \"celery\"}, \"delivery_mode\": 2, \"delivery_tag\": \"69ae77b0-a4be-46b0-ae38-15c8cda0ba3d\"}, \"content-encoding\": \"binary\"}"}}, {"pk": 49249, "model": "django.message", "fields": {"queue": 1, "visible": true, "sent_at": "2014-05-15T14:45:50.249Z", "payload": "{\"body\": \"gAJ9cQEoVQdleHBpcmVzcQJOVQN1dGNxA4hVBGFyZ3NxBFgQAAAAYmV5b25kdGhld2FsbC5jaHEFWAQAAAB0ZXJycQaGcQdVBWNob3JkcQhOVQljYWxsYmFja3NxCU5VCGVycmJhY2tzcQpOVQd0YXNrc2V0cQtOVQJpZHEMVSRjZDUwOWQ5Ny00YTUwLTQzNTQtODA0OS1jMGU2Zjg3NmMzMzVxDVUHcmV0cmllc3EOSwBVBHRhc2txD1UeZG9tYWlucy50YXNrcy5kZWxldGVfc3ViZG9tYWlucRBVCXRpbWVsaW1pdHERTk6GVQNldGFxEk5VBmt3YXJnc3ETfXEUdS4=\", \"headers\": {}, \"content-type\": \"application/x-python-serialize\", \"properties\": {\"body_encoding\": \"base64\", \"correlation_id\": \"cd509d97-4a50-4354-8049-c0e6f876c335\", \"reply_to\": \"65fcd14a-1252-3a6b-bd37-9781e4b1bd10\", \"delivery_info\": {\"priority\": 0, \"routing_key\": \"celery\", \"exchange\": \"celery\"}, \"delivery_mode\": 2, \"delivery_tag\": \"d013a19d-5c9f-4fd1-a3a5-6f42c66c83f5\"}, \"content-encoding\": \"binary\"}"}}, {"pk": 49250, "model": "django.message", "fields": {"queue": 1, "visible": true, "sent_at": "2014-05-15T15:21:30.371Z", "payload": "{\"body\": \"gAJ9cQEoVQdleHBpcmVzcQJOVQN1dGNxA4hVBGFyZ3NxBFgPAAAAY2xhaXJlLWx5c2UuY29tcQWFcQZVBWNob3JkcQdOVQljYWxsYmFja3NxCE5VCGVycmJhY2tzcQlOVQd0YXNrc2V0cQpOVQJpZHELVSQ1NDQ0MTNiZi1hZjJlLTRhODYtYWExNy1iMWJjMzQ2YTAxOTlxDFUHcmV0cmllc3ENSwBVBHRhc2txDlUbZG9tYWlucy50YXNrcy5jcmVhdGVfZG9tYWlucQ9VCXRpbWVsaW1pdHEQTk6GVQNldGFxEU5VBmt3YXJnc3ESfXETdS4=\", \"headers\": {}, \"content-type\": \"application/x-python-serialize\", \"properties\": {\"body_encoding\": \"base64\", \"correlation_id\": \"544413bf-af2e-4a86-aa17-b1bc346a0199\", \"reply_to\": \"ce050d43-fb53-3a24-9893-8242d959c184\", \"delivery_info\": {\"priority\": 0, \"routing_key\": \"celery\", \"exchange\": \"celery\"}, \"delivery_mode\": 2, \"delivery_tag\": \"37aebc17-8848-45c9-8927-5dfeff7582c2\"}, \"content-encoding\": \"binary\"}"}}, {"pk": 49251, "model": "django.message", "fields": {"queue": 1, "visible": true, "sent_at": "2014-05-15T15:21:30.413Z", "payload": "{\"body\": \"gAJ9cQEoVQdleHBpcmVzcQJOVQN1dGNxA4hVBGFyZ3NxBFgPAAAAY2xhaXJlLWx5c2UuY29tcQVYAwAAAHd3d3EGhnEHVQVjaG9yZHEITlUJY2FsbGJhY2tzcQlOVQhlcnJiYWNrc3EKTlUHdGFza3NldHELTlUCaWRxDFUkYjc5ZTNhNGYtZjAwNS00YjJkLWIwZjctM2E4NmVlM2Y4N2ZicQ1VB3JldHJpZXNxDksAVQR0YXNrcQ9VHmRvbWFpbnMudGFza3MuZGVsZXRlX3N1YmRvbWFpbnEQVQl0aW1lbGltaXRxEU5OhlUDZXRhcRJOVQZrd2FyZ3NxE31xFHUu\", \"headers\": {}, \"content-type\": \"application/x-python-serialize\", \"properties\": {\"body_encoding\": \"base64\", \"correlation_id\": \"b79e3a4f-f005-4b2d-b0f7-3a86ee3f87fb\", \"reply_to\": \"ce050d43-fb53-3a24-9893-8242d959c184\", \"delivery_info\": {\"priority\": 0, \"routing_key\": \"celery\", \"exchange\": \"celery\"}, \"delivery_mode\": 2, \"delivery_tag\": \"f6de0332-8f55-4941-aadf-99039bd893e8\"}, \"content-encoding\": \"binary\"}"}}, {"pk": 49252, "model": "django.message", "fields": {"queue": 1, "visible": true, "sent_at": "2014-05-15T15:22:16.157Z", "payload": "{\"body\": \"gAJ9cQEoVQdleHBpcmVzcQJOVQN1dGNxA4hVBGFyZ3NxBFgPAAAAY2xhaXJlLWx5c2UuY29tcQWFcQZVBWNob3JkcQdOVQljYWxsYmFja3NxCE5VCGVycmJhY2tzcQlOVQd0YXNrc2V0cQpOVQJpZHELVSRjZjhjNjE3Ny1hZGYzLTRkOTYtYjc0ZS1kM2NiNWMyNTY5ODFxDFUHcmV0cmllc3ENSwBVBHRhc2txDlUbZG9tYWlucy50YXNrcy5jcmVhdGVfZG9tYWlucQ9VCXRpbWVsaW1pdHEQTk6GVQNldGFxEU5VBmt3YXJnc3ESfXETdS4=\", \"headers\": {}, \"content-type\": \"application/x-python-serialize\", \"properties\": {\"body_encoding\": \"base64\", \"correlation_id\": \"cf8c6177-adf3-4d96-b74e-d3cb5c256981\", \"reply_to\": \"ce050d43-fb53-3a24-9893-8242d959c184\", \"delivery_info\": {\"priority\": 0, \"routing_key\": \"celery\", \"exchange\": \"celery\"}, \"delivery_mode\": 2, \"delivery_tag\": \"52baa689-c1df-46cc-8a29-98c1f135787b\"}, \"content-encoding\": \"binary\"}"}}, {"pk": 49253, "model": "django.message", "fields": {"queue": 1, "visible": true, "sent_at": "2014-05-15T15:22:16.190Z", "payload": "{\"body\": \"gAJ9cQEoVQdleHBpcmVzcQJOVQN1dGNxA4hVBGFyZ3NxBFgPAAAAY2xhaXJlLWx5c2UuY29tcQVYAwAAAHd3d3EGhnEHVQVjaG9yZHEITlUJY2FsbGJhY2tzcQlOVQhlcnJiYWNrc3EKTlUHdGFza3NldHELTlUCaWRxDFUkOTVkOTQxMTEtNDhiNi00ZTFkLTliMTgtOGI2ZjBhYjllNDczcQ1VB3JldHJpZXNxDksAVQR0YXNrcQ9VHmRvbWFpbnMudGFza3MuZGVsZXRlX3N1YmRvbWFpbnEQVQl0aW1lbGltaXRxEU5OhlUDZXRhcRJOVQZrd2FyZ3NxE31xFHUu\", \"headers\": {}, \"content-type\": \"application/x-python-serialize\", \"properties\": {\"body_encoding\": \"base64\", \"correlation_id\": \"95d94111-48b6-4e1d-9b18-8b6f0ab9e473\", \"reply_to\": \"ce050d43-fb53-3a24-9893-8242d959c184\", \"delivery_info\": {\"priority\": 0, \"routing_key\": \"celery\", \"exchange\": \"celery\"}, \"delivery_mode\": 2, \"delivery_tag\": \"24ac47c8-d717-4e58-8419-e2fb05d166e1\"}, \"content-encoding\": \"binary\"}"}}, {"pk": 49254, "model": "django.message", "fields": {"queue": 1, "visible": true, "sent_at": "2014-05-15T15:23:26.245Z", "payload": "{\"body\": \"gAJ9cQEoVQdleHBpcmVzcQJOVQN1dGNxA4hVBGFyZ3NxBFgPAAAAY2xhaXJlLWx5c2UuY29tcQWFcQZVBWNob3JkcQdOVQljYWxsYmFja3NxCE5VCGVycmJhY2tzcQlOVQd0YXNrc2V0cQpOVQJpZHELVSQ5NzdjYjdkMi1iNGQwLTQ2NjgtOGQwNi1kNjhmMDVhNDU5MGRxDFUHcmV0cmllc3ENSwBVBHRhc2txDlUbZG9tYWlucy50YXNrcy5jcmVhdGVfZG9tYWlucQ9VCXRpbWVsaW1pdHEQTk6GVQNldGFxEU5VBmt3YXJnc3ESfXETdS4=\", \"headers\": {}, \"content-type\": \"application/x-python-serialize\", \"properties\": {\"body_encoding\": \"base64\", \"correlation_id\": \"977cb7d2-b4d0-4668-8d06-d68f05a4590d\", \"reply_to\": \"ce050d43-fb53-3a24-9893-8242d959c184\", \"delivery_info\": {\"priority\": 0, \"routing_key\": \"celery\", \"exchange\": \"celery\"}, \"delivery_mode\": 2, \"delivery_tag\": \"91995046-c5a4-4c94-afd8-bfd47666d518\"}, \"content-encoding\": \"binary\"}"}}, {"pk": 49255, "model": "django.message", "fields": {"queue": 1, "visible": true, "sent_at": "2014-05-15T15:23:26.278Z", "payload": "{\"body\": \"gAJ9cQEoVQdleHBpcmVzcQJOVQN1dGNxA4hVBGFyZ3NxBFgPAAAAY2xhaXJlLWx5c2UuY29tcQVYAwAAAHd3d3EGhnEHVQVjaG9yZHEITlUJY2FsbGJhY2tzcQlOVQhlcnJiYWNrc3EKTlUHdGFza3NldHELTlUCaWRxDFUkMTg2NTNlMDAtYzhkMS00MzBhLTgyNzktZjUzZDJlMmU3N2Q0cQ1VB3JldHJpZXNxDksAVQR0YXNrcQ9VHmRvbWFpbnMudGFza3MuZGVsZXRlX3N1YmRvbWFpbnEQVQl0aW1lbGltaXRxEU5OhlUDZXRhcRJOVQZrd2FyZ3NxE31xFHUu\", \"headers\": {}, \"content-type\": \"application/x-python-serialize\", \"properties\": {\"body_encoding\": \"base64\", \"correlation_id\": \"18653e00-c8d1-430a-8279-f53d2e2e77d4\", \"reply_to\": \"ce050d43-fb53-3a24-9893-8242d959c184\", \"delivery_info\": {\"priority\": 0, \"routing_key\": \"celery\", \"exchange\": \"celery\"}, \"delivery_mode\": 2, \"delivery_tag\": \"efdcc105-10fe-4c4a-bc9b-a990711e3690\"}, \"content-encoding\": \"binary\"}"}}, {"pk": 49256, "model": "django.message", "fields": {"queue": 1, "visible": true, "sent_at": "2014-05-15T15:23:37.749Z", "payload": "{\"body\": \"gAJ9cQEoVQdleHBpcmVzcQJOVQN1dGNxA4hVBGFyZ3NxBFgPAAAAY2xhaXJlLWx5c2UuY29tcQWFcQZVBWNob3JkcQdOVQljYWxsYmFja3NxCE5VCGVycmJhY2tzcQlOVQd0YXNrc2V0cQpOVQJpZHELVSRiOGMzZDg0Zi1jNTc0LTRhZGItYjk5NS03NTFjZTYyMzQ0NDNxDFUHcmV0cmllc3ENSwBVBHRhc2txDlUbZG9tYWlucy50YXNrcy5jcmVhdGVfZG9tYWlucQ9VCXRpbWVsaW1pdHEQTk6GVQNldGFxEU5VBmt3YXJnc3ESfXETdS4=\", \"headers\": {}, \"content-type\": \"application/x-python-serialize\", \"properties\": {\"body_encoding\": \"base64\", \"correlation_id\": \"b8c3d84f-c574-4adb-b995-751ce6234443\", \"reply_to\": \"ce050d43-fb53-3a24-9893-8242d959c184\", \"delivery_info\": {\"priority\": 0, \"routing_key\": \"celery\", \"exchange\": \"celery\"}, \"delivery_mode\": 2, \"delivery_tag\": \"37791f26-a0fb-4ceb-9be4-5df6a2dc185b\"}, \"content-encoding\": \"binary\"}"}}, {"pk": 49257, "model": "django.message", "fields": {"queue": 1, "visible": true, "sent_at": "2014-05-15T15:23:37.781Z", "payload": "{\"body\": \"gAJ9cQEoVQdleHBpcmVzcQJOVQN1dGNxA4hVBGFyZ3NxBFgPAAAAY2xhaXJlLWx5c2UuY29tcQVYBAAAAHd3dzJxBoZxB1UFY2hvcmRxCE5VCWNhbGxiYWNrc3EJTlUIZXJyYmFja3NxCk5VB3Rhc2tzZXRxC05VAmlkcQxVJDBmMmQ2Nzc3LWVmM2EtNGVkMy04Yzg1LWRhNTk3NjJhMWU4MnENVQdyZXRyaWVzcQ5LAFUEdGFza3EPVR5kb21haW5zLnRhc2tzLmRlbGV0ZV9zdWJkb21haW5xEFUJdGltZWxpbWl0cRFOToZVA2V0YXESTlUGa3dhcmdzcRN9cRR1Lg==\", \"headers\": {}, \"content-type\": \"application/x-python-serialize\", \"properties\": {\"body_encoding\": \"base64\", \"correlation_id\": \"0f2d6777-ef3a-4ed3-8c85-da59762a1e82\", \"reply_to\": \"ce050d43-fb53-3a24-9893-8242d959c184\", \"delivery_info\": {\"priority\": 0, \"routing_key\": \"celery\", \"exchange\": \"celery\"}, \"delivery_mode\": 2, \"delivery_tag\": \"32b2f736-5501-4eb2-ab7c-628b7d48dc6a\"}, \"content-encoding\": \"binary\"}"}}, {"pk": 49258, "model": "django.message", "fields": {"queue": 1, "visible": true, "sent_at": "2014-05-16T09:44:51.244Z", "payload": "{\"body\": \"gAJ9cQEoVQdleHBpcmVzcQJOVQN1dGNxA4hVBGFyZ3NxBFgDAAAAcmV3cQWFcQZVBWNob3JkcQdOVQljYWxsYmFja3NxCE5VCGVycmJhY2tzcQlOVQd0YXNrc2V0cQpOVQJpZHELVSQwYTcxZjYyNC01NmYzLTRkYWYtYWU0YS1mM2VlMTVlNWIzOGZxDFUHcmV0cmllc3ENSwBVBHRhc2txDlUbZG9tYWlucy50YXNrcy5jcmVhdGVfZG9tYWlucQ9VCXRpbWVsaW1pdHEQTk6GVQNldGFxEU5VBmt3YXJnc3ESfXETdS4=\", \"headers\": {}, \"content-type\": \"application/x-python-serialize\", \"properties\": {\"body_encoding\": \"base64\", \"correlation_id\": \"0a71f624-56f3-4daf-ae4a-f3ee15e5b38f\", \"reply_to\": \"eaee2ca1-ec29-39b5-a978-e3f25dfff709\", \"delivery_info\": {\"priority\": 0, \"routing_key\": \"celery\", \"exchange\": \"celery\"}, \"delivery_mode\": 2, \"delivery_tag\": \"39624851-3066-4a67-9ec8-2ea43c8e5904\"}, \"content-encoding\": \"binary\"}"}}, {"pk": 49259, "model": "django.message", "fields": {"queue": 1, "visible": true, "sent_at": "2014-05-16T09:44:51.282Z", "payload": "{\"body\": \"gAJ9cQEoVQdleHBpcmVzcQJOVQN1dGNxA4hVBGFyZ3NxBFgDAAAAcmV3cQWFcQZVBWNob3JkcQdOVQljYWxsYmFja3NxCE5VCGVycmJhY2tzcQlOVQd0YXNrc2V0cQpOVQJpZHELVSQ4MGU1NDI4MS0wYjNiLTRmODUtYjBlMi1mNmEwNDA4NDk2MGRxDFUHcmV0cmllc3ENSwBVBHRhc2txDlUbZG9tYWlucy50YXNrcy5jcmVhdGVfZG9tYWlucQ9VCXRpbWVsaW1pdHEQTk6GVQNldGFxEU5VBmt3YXJnc3ESfXETdS4=\", \"headers\": {}, \"content-type\": \"application/x-python-serialize\", \"properties\": {\"body_encoding\": \"base64\", \"correlation_id\": \"80e54281-0b3b-4f85-b0e2-f6a04084960d\", \"reply_to\": \"eaee2ca1-ec29-39b5-a978-e3f25dfff709\", \"delivery_info\": {\"priority\": 0, \"routing_key\": \"celery\", \"exchange\": \"celery\"}, \"delivery_mode\": 2, \"delivery_tag\": \"4995e60e-6e63-488a-9315-80a077d9bf99\"}, \"content-encoding\": \"binary\"}"}}, {"pk": 49260, "model": "django.message", "fields": {"queue": 1, "visible": true, "sent_at": "2014-05-16T09:52:33.057Z", "payload": "{\"body\": \"gAJ9cQEoVQdleHBpcmVzcQJOVQN1dGNxA4hVBGFyZ3NxBFgDAAAAcmV3cQWFcQZVBWNob3JkcQdOVQljYWxsYmFja3NxCE5VCGVycmJhY2tzcQlOVQd0YXNrc2V0cQpOVQJpZHELVSRiMjI0NjRhNi03ZGVjLTQ4Y2UtYTExMC0yYzQ2ZjFhY2Y0YTlxDFUHcmV0cmllc3ENSwBVBHRhc2txDlUbZG9tYWlucy50YXNrcy5jcmVhdGVfZG9tYWlucQ9VCXRpbWVsaW1pdHEQTk6GVQNldGFxEU5VBmt3YXJnc3ESfXETdS4=\", \"headers\": {}, \"content-type\": \"application/x-python-serialize\", \"properties\": {\"body_encoding\": \"base64\", \"correlation_id\": \"b22464a6-7dec-48ce-a110-2c46f1acf4a9\", \"reply_to\": \"eaee2ca1-ec29-39b5-a978-e3f25dfff709\", \"delivery_info\": {\"priority\": 0, \"routing_key\": \"celery\", \"exchange\": \"celery\"}, \"delivery_mode\": 2, \"delivery_tag\": \"0c2ec8f6-cec7-434d-a7ac-c77774ff485f\"}, \"content-encoding\": \"binary\"}"}}, {"pk": 49261, "model": "django.message", "fields": {"queue": 1, "visible": true, "sent_at": "2014-05-16T09:52:33.090Z", "payload": "{\"body\": \"gAJ9cQEoVQdleHBpcmVzcQJOVQN1dGNxA4hVBGFyZ3NxBFgDAAAAcmV3cQWFcQZVBWNob3JkcQdOVQljYWxsYmFja3NxCE5VCGVycmJhY2tzcQlOVQd0YXNrc2V0cQpOVQJpZHELVSQ1MGJkMTJkYS03ZTY5LTQ5ZmItYWRkNC00YjhjNjA0ZjgxYThxDFUHcmV0cmllc3ENSwBVBHRhc2txDlUbZG9tYWlucy50YXNrcy5jcmVhdGVfZG9tYWlucQ9VCXRpbWVsaW1pdHEQTk6GVQNldGFxEU5VBmt3YXJnc3ESfXETdS4=\", \"headers\": {}, \"content-type\": \"application/x-python-serialize\", \"properties\": {\"body_encoding\": \"base64\", \"correlation_id\": \"50bd12da-7e69-49fb-add4-4b8c604f81a8\", \"reply_to\": \"eaee2ca1-ec29-39b5-a978-e3f25dfff709\", \"delivery_info\": {\"priority\": 0, \"routing_key\": \"celery\", \"exchange\": \"celery\"}, \"delivery_mode\": 2, \"delivery_tag\": \"830f2461-8080-4877-98cf-8910c33cc123\"}, \"content-encoding\": \"binary\"}"}}, {"pk": 49262, "model": "django.message", "fields": {"queue": 1, "visible": true, "sent_at": "2014-05-16T09:52:37.221Z", "payload": "{\"body\": \"gAJ9cQEoVQdleHBpcmVzcQJOVQN1dGNxA4hVBGFyZ3NxBFgDAAAAcmV3cQWFcQZVBWNob3JkcQdOVQljYWxsYmFja3NxCE5VCGVycmJhY2tzcQlOVQd0YXNrc2V0cQpOVQJpZHELVSRiNDRhMjBiMi1mYjUxLTQwNDktOWFkYi01M2NmYzk4MTZiOWRxDFUHcmV0cmllc3ENSwBVBHRhc2txDlUbZG9tYWlucy50YXNrcy5jcmVhdGVfZG9tYWlucQ9VCXRpbWVsaW1pdHEQTk6GVQNldGFxEU5VBmt3YXJnc3ESfXETdS4=\", \"headers\": {}, \"content-type\": \"application/x-python-serialize\", \"properties\": {\"body_encoding\": \"base64\", \"correlation_id\": \"b44a20b2-fb51-4049-9adb-53cfc9816b9d\", \"reply_to\": \"eaee2ca1-ec29-39b5-a978-e3f25dfff709\", \"delivery_info\": {\"priority\": 0, \"routing_key\": \"celery\", \"exchange\": \"celery\"}, \"delivery_mode\": 2, \"delivery_tag\": \"76892503-47b6-4b18-8c1d-ca0734c8a83e\"}, \"content-encoding\": \"binary\"}"}}, {"pk": 49263, "model": "django.message", "fields": {"queue": 1, "visible": true, "sent_at": "2014-05-16T09:52:37.260Z", "payload": "{\"body\": \"gAJ9cQEoVQdleHBpcmVzcQJOVQN1dGNxA4hVBGFyZ3NxBFgDAAAAcmV3cQWFcQZVBWNob3JkcQdOVQljYWxsYmFja3NxCE5VCGVycmJhY2tzcQlOVQd0YXNrc2V0cQpOVQJpZHELVSQwMGRhZDVhNi01MDc4LTRlNTktYjkyNS03NGJlNTcyODMwN2FxDFUHcmV0cmllc3ENSwBVBHRhc2txDlUbZG9tYWlucy50YXNrcy5jcmVhdGVfZG9tYWlucQ9VCXRpbWVsaW1pdHEQTk6GVQNldGFxEU5VBmt3YXJnc3ESfXETdS4=\", \"headers\": {}, \"content-type\": \"application/x-python-serialize\", \"properties\": {\"body_encoding\": \"base64\", \"correlation_id\": \"00dad5a6-5078-4e59-b925-74be5728307a\", \"reply_to\": \"eaee2ca1-ec29-39b5-a978-e3f25dfff709\", \"delivery_info\": {\"priority\": 0, \"routing_key\": \"celery\", \"exchange\": \"celery\"}, \"delivery_mode\": 2, \"delivery_tag\": \"07fea744-dade-4b1f-97b8-16d80250d345\"}, \"content-encoding\": \"binary\"}"}}, {"pk": 49264, "model": "django.message", "fields": {"queue": 1, "visible": true, "sent_at": "2014-05-16T09:52:40.666Z", "payload": "{\"body\": \"gAJ9cQEoVQdleHBpcmVzcQJOVQN1dGNxA4hVBGFyZ3NxBFgDAAAAcmV3cQWFcQZVBWNob3JkcQdOVQljYWxsYmFja3NxCE5VCGVycmJhY2tzcQlOVQd0YXNrc2V0cQpOVQJpZHELVSQ2NTkxY2Q4NC05NzYyLTQ5OTItYmUwMy0yOTIxMjU2NDBlMThxDFUHcmV0cmllc3ENSwBVBHRhc2txDlUbZG9tYWlucy50YXNrcy5jcmVhdGVfZG9tYWlucQ9VCXRpbWVsaW1pdHEQTk6GVQNldGFxEU5VBmt3YXJnc3ESfXETdS4=\", \"headers\": {}, \"content-type\": \"application/x-python-serialize\", \"properties\": {\"body_encoding\": \"base64\", \"correlation_id\": \"6591cd84-9762-4992-be03-292125640e18\", \"reply_to\": \"eaee2ca1-ec29-39b5-a978-e3f25dfff709\", \"delivery_info\": {\"priority\": 0, \"routing_key\": \"celery\", \"exchange\": \"celery\"}, \"delivery_mode\": 2, \"delivery_tag\": \"b35df39e-7a17-4dc0-a8d7-7aae2800ce0c\"}, \"content-encoding\": \"binary\"}"}}, {"pk": 49265, "model": "django.message", "fields": {"queue": 1, "visible": true, "sent_at": "2014-05-16T09:52:40.711Z", "payload": "{\"body\": \"gAJ9cQEoVQdleHBpcmVzcQJOVQN1dGNxA4hVBGFyZ3NxBFgDAAAAcmV3cQWFcQZVBWNob3JkcQdOVQljYWxsYmFja3NxCE5VCGVycmJhY2tzcQlOVQd0YXNrc2V0cQpOVQJpZHELVSRmZmZiYWFjNy0wMGFmLTRjOWItYTExMS02Yjg3MDE3Mjk0OTZxDFUHcmV0cmllc3ENSwBVBHRhc2txDlUbZG9tYWlucy50YXNrcy5jcmVhdGVfZG9tYWlucQ9VCXRpbWVsaW1pdHEQTk6GVQNldGFxEU5VBmt3YXJnc3ESfXETdS4=\", \"headers\": {}, \"content-type\": \"application/x-python-serialize\", \"properties\": {\"body_encoding\": \"base64\", \"correlation_id\": \"fffbaac7-00af-4c9b-a111-6b8701729496\", \"reply_to\": \"eaee2ca1-ec29-39b5-a978-e3f25dfff709\", \"delivery_info\": {\"priority\": 0, \"routing_key\": \"celery\", \"exchange\": \"celery\"}, \"delivery_mode\": 2, \"delivery_tag\": \"00f62b8c-9350-4847-be95-47021ba16e65\"}, \"content-encoding\": \"binary\"}"}}, {"pk": 49266, "model": "django.message", "fields": {"queue": 1, "visible": true, "sent_at": "2014-05-16T09:54:52.867Z", "payload": "{\"body\": \"gAJ9cQEoVQdleHBpcmVzcQJOVQN1dGNxA4hVBGFyZ3NxBFgNAAAAZGVhbGdvdXJvdS5jaHEFhXEGVQVjaG9yZHEHTlUJY2FsbGJhY2tzcQhOVQhlcnJiYWNrc3EJTlUHdGFza3NldHEKTlUCaWRxC1UkNTdiMTBhMjctNjhlOS00ZTZlLWJlZjAtMTMwZTI1NjVjMDQxcQxVB3JldHJpZXNxDUsAVQR0YXNrcQ5VG2RvbWFpbnMudGFza3MuY3JlYXRlX2RvbWFpbnEPVQl0aW1lbGltaXRxEE5OhlUDZXRhcRFOVQZrd2FyZ3NxEn1xE3Uu\", \"headers\": {}, \"content-type\": \"application/x-python-serialize\", \"properties\": {\"body_encoding\": \"base64\", \"correlation_id\": \"57b10a27-68e9-4e6e-bef0-130e2565c041\", \"reply_to\": \"eaee2ca1-ec29-39b5-a978-e3f25dfff709\", \"delivery_info\": {\"priority\": 0, \"routing_key\": \"celery\", \"exchange\": \"celery\"}, \"delivery_mode\": 2, \"delivery_tag\": \"f923a5ee-1492-41b0-ab9a-3502d631dc19\"}, \"content-encoding\": \"binary\"}"}}, {"pk": 49267, "model": "django.message", "fields": {"queue": 1, "visible": true, "sent_at": "2014-05-16T09:54:52.901Z", "payload": "{\"body\": \"gAJ9cQEoVQdleHBpcmVzcQJOVQN1dGNxA4hVBGFyZ3NxBFgNAAAAZGVhbGdvdXJvdS5jaHEFhXEGVQVjaG9yZHEHTlUJY2FsbGJhY2tzcQhOVQhlcnJiYWNrc3EJTlUHdGFza3NldHEKTlUCaWRxC1UkODhmZTBkZjctNWQ3Zi00NTdjLWEwYjktOTNiMTAwM2RlZGRkcQxVB3JldHJpZXNxDUsAVQR0YXNrcQ5VG2RvbWFpbnMudGFza3MuY3JlYXRlX2RvbWFpbnEPVQl0aW1lbGltaXRxEE5OhlUDZXRhcRFOVQZrd2FyZ3NxEn1xE3Uu\", \"headers\": {}, \"content-type\": \"application/x-python-serialize\", \"properties\": {\"body_encoding\": \"base64\", \"correlation_id\": \"88fe0df7-5d7f-457c-a0b9-93b1003deddd\", \"reply_to\": \"eaee2ca1-ec29-39b5-a978-e3f25dfff709\", \"delivery_info\": {\"priority\": 0, \"routing_key\": \"celery\", \"exchange\": \"celery\"}, \"delivery_mode\": 2, \"delivery_tag\": \"9512634a-88fc-4aea-beaa-d0243663c40f\"}, \"content-encoding\": \"binary\"}"}}, {"pk": 49268, "model": "django.message", "fields": {"queue": 1, "visible": true, "sent_at": "2014-05-16T09:54:55.441Z", "payload": "{\"body\": \"gAJ9cQEoVQdleHBpcmVzcQJOVQN1dGNxA4hVBGFyZ3NxBFgNAAAAZGVhbGdvdXJvdS5jaHEFhXEGVQVjaG9yZHEHTlUJY2FsbGJhY2tzcQhOVQhlcnJiYWNrc3EJTlUHdGFza3NldHEKTlUCaWRxC1UkODAyY2M2MjMtOTMwNi00OGE4LTkwNjQtZTU1NzhmZjRhOTY4cQxVB3JldHJpZXNxDUsAVQR0YXNrcQ5VG2RvbWFpbnMudGFza3MuY3JlYXRlX2RvbWFpbnEPVQl0aW1lbGltaXRxEE5OhlUDZXRhcRFOVQZrd2FyZ3NxEn1xE3Uu\", \"headers\": {}, \"content-type\": \"application/x-python-serialize\", \"properties\": {\"body_encoding\": \"base64\", \"correlation_id\": \"802cc623-9306-48a8-9064-e5578ff4a968\", \"reply_to\": \"eaee2ca1-ec29-39b5-a978-e3f25dfff709\", \"delivery_info\": {\"priority\": 0, \"routing_key\": \"celery\", \"exchange\": \"celery\"}, \"delivery_mode\": 2, \"delivery_tag\": \"d4ffca90-38f2-4b4f-8356-153c64304a2c\"}, \"content-encoding\": \"binary\"}"}}, {"pk": 49269, "model": "django.message", "fields": {"queue": 1, "visible": true, "sent_at": "2014-05-16T09:54:55.472Z", "payload": "{\"body\": \"gAJ9cQEoVQdleHBpcmVzcQJOVQN1dGNxA4hVBGFyZ3NxBFgNAAAAZGVhbGdvdXJvdS5jaHEFWAQAAAB0ZXN0cQaGcQdVBWNob3JkcQhOVQljYWxsYmFja3NxCU5VCGVycmJhY2tzcQpOVQd0YXNrc2V0cQtOVQJpZHEMVSRjM2IyZGNkMC1iYTJjLTQ2YTQtYmI3OS0yMjg3MTYzMjA4ZDVxDVUHcmV0cmllc3EOSwBVBHRhc2txD1UeZG9tYWlucy50YXNrcy5kZWxldGVfc3ViZG9tYWlucRBVCXRpbWVsaW1pdHERTk6GVQNldGFxEk5VBmt3YXJnc3ETfXEUdS4=\", \"headers\": {}, \"content-type\": \"application/x-python-serialize\", \"properties\": {\"body_encoding\": \"base64\", \"correlation_id\": \"c3b2dcd0-ba2c-46a4-bb79-2287163208d5\", \"reply_to\": \"eaee2ca1-ec29-39b5-a978-e3f25dfff709\", \"delivery_info\": {\"priority\": 0, \"routing_key\": \"celery\", \"exchange\": \"celery\"}, \"delivery_mode\": 2, \"delivery_tag\": \"2f96ed7a-ba4c-412c-8a2f-eadaef656349\"}, \"content-encoding\": \"binary\"}"}}, {"pk": 49270, "model": "django.message", "fields": {"queue": 1, "visible": true, "sent_at": "2014-05-16T10:08:17.194Z", "payload": "{\"body\": \"gAJ9cQEoVQdleHBpcmVzcQJOVQN1dGNxA4hVBGFyZ3NxBFgNAAAAZGVhbGdvdXJvdS5jaHEFhXEGVQVjaG9yZHEHTlUJY2FsbGJhY2tzcQhOVQhlcnJiYWNrc3EJTlUHdGFza3NldHEKTlUCaWRxC1UkNTAwMDAzMDgtOWE2My00ZWVjLWE1NzEtZGIzNDQ0Y2M0YTM3cQxVB3JldHJpZXNxDUsAVQR0YXNrcQ5VG2RvbWFpbnMudGFza3MuY3JlYXRlX2RvbWFpbnEPVQl0aW1lbGltaXRxEE5OhlUDZXRhcRFOVQZrd2FyZ3NxEn1xE3Uu\", \"headers\": {}, \"content-type\": \"application/x-python-serialize\", \"properties\": {\"body_encoding\": \"base64\", \"correlation_id\": \"50000308-9a63-4eec-a571-db3444cc4a37\", \"reply_to\": \"f0e0a78a-5d5c-3c21-a83c-c3e05a7484cc\", \"delivery_info\": {\"priority\": 0, \"routing_key\": \"celery\", \"exchange\": \"celery\"}, \"delivery_mode\": 2, \"delivery_tag\": \"2b954161-d15b-4632-869a-f1b4bff828ac\"}, \"content-encoding\": \"binary\"}"}}, {"pk": 49271, "model": "django.message", "fields": {"queue": 1, "visible": true, "sent_at": "2014-05-16T10:09:07.860Z", "payload": "{\"body\": \"gAJ9cQEoVQdleHBpcmVzcQJOVQN1dGNxA4hVBGFyZ3NxBFgNAAAAZGVhbGdvdXJvdS5jaHEFhXEGVQVjaG9yZHEHTlUJY2FsbGJhY2tzcQhOVQhlcnJiYWNrc3EJTlUHdGFza3NldHEKTlUCaWRxC1UkODVjODkzNjItYjU4NS00YjVhLWEwNDgtMTA2NTQwOGFlMTA2cQxVB3JldHJpZXNxDUsAVQR0YXNrcQ5VG2RvbWFpbnMudGFza3MuY3JlYXRlX2RvbWFpbnEPVQl0aW1lbGltaXRxEE5OhlUDZXRhcRFOVQZrd2FyZ3NxEn1xE3Uu\", \"headers\": {}, \"content-type\": \"application/x-python-serialize\", \"properties\": {\"body_encoding\": \"base64\", \"correlation_id\": \"85c89362-b585-4b5a-a048-1065408ae106\", \"reply_to\": \"408e2717-d474-3843-b9a2-6ca1aec74d26\", \"delivery_info\": {\"priority\": 0, \"routing_key\": \"celery\", \"exchange\": \"celery\"}, \"delivery_mode\": 2, \"delivery_tag\": \"3d4d511d-172b-4402-9181-538b3a84e6ef\"}, \"content-encoding\": \"binary\"}"}}, {"pk": 49272, "model": "django.message", "fields": {"queue": 1, "visible": true, "sent_at": "2014-05-16T10:12:49.305Z", "payload": "{\"body\": \"gAJ9cQEoVQdleHBpcmVzcQJOVQN1dGNxA4hVBGFyZ3NxBFgNAAAAZGVhbGdvdXJvdS5jaHEFhXEGVQVjaG9yZHEHTlUJY2FsbGJhY2tzcQhOVQhlcnJiYWNrc3EJTlUHdGFza3NldHEKTlUCaWRxC1UkYjgyYzFiOTEtOWI0Yi00ZDk2LTg1MmYtNGEwMGFmOWMyYmZmcQxVB3JldHJpZXNxDUsAVQR0YXNrcQ5VG2RvbWFpbnMudGFza3MuY3JlYXRlX2RvbWFpbnEPVQl0aW1lbGltaXRxEE5OhlUDZXRhcRFOVQZrd2FyZ3NxEn1xE3Uu\", \"headers\": {}, \"content-type\": \"application/x-python-serialize\", \"properties\": {\"body_encoding\": \"base64\", \"correlation_id\": \"b82c1b91-9b4b-4d96-852f-4a00af9c2bff\", \"reply_to\": \"a51f642b-5bfb-3c4d-b81a-74a587e3b3e5\", \"delivery_info\": {\"priority\": 0, \"routing_key\": \"celery\", \"exchange\": \"celery\"}, \"delivery_mode\": 2, \"delivery_tag\": \"a5ad4b42-e660-402d-a715-154cec4ca302\"}, \"content-encoding\": \"binary\"}"}}, {"pk": 49273, "model": "django.message", "fields": {"queue": 1, "visible": true, "sent_at": "2014-05-16T10:17:01.186Z", "payload": "{\"body\": \"gAJ9cQEoVQdleHBpcmVzcQJOVQN1dGNxA4hVBGFyZ3NxBFgNAAAAZGVhbGdvdXJvdS5jaHEFhXEGVQVjaG9yZHEHTlUJY2FsbGJhY2tzcQhOVQhlcnJiYWNrc3EJTlUHdGFza3NldHEKTlUCaWRxC1UkYjJjNmU4MWUtNmQyOC00M2U5LWJhN2UtMTA3MDI4YmE0MTY2cQxVB3JldHJpZXNxDUsAVQR0YXNrcQ5VG2RvbWFpbnMudGFza3MuY3JlYXRlX2RvbWFpbnEPVQl0aW1lbGltaXRxEE5OhlUDZXRhcRFOVQZrd2FyZ3NxEn1xE3Uu\", \"headers\": {}, \"content-type\": \"application/x-python-serialize\", \"properties\": {\"body_encoding\": \"base64\", \"correlation_id\": \"b2c6e81e-6d28-43e9-ba7e-107028ba4166\", \"reply_to\": \"1d4cc06f-e74c-35ea-ba88-721ac187448f\", \"delivery_info\": {\"priority\": 0, \"routing_key\": \"celery\", \"exchange\": \"celery\"}, \"delivery_mode\": 2, \"delivery_tag\": \"c888561e-1350-4563-9a31-40da0a730135\"}, \"content-encoding\": \"binary\"}"}}, {"pk": 49274, "model": "django.message", "fields": {"queue": 1, "visible": true, "sent_at": "2014-05-16T10:22:42.137Z", "payload": "{\"body\": \"gAJ9cQEoVQdleHBpcmVzcQJOVQN1dGNxA4hVBGFyZ3NxBFgNAAAAZGVhbGdvdXJvdS5jaHEFhXEGVQVjaG9yZHEHTlUJY2FsbGJhY2tzcQhOVQhlcnJiYWNrc3EJTlUHdGFza3NldHEKTlUCaWRxC1UkMzk1ZjU2YmEtNGZiZS00MGJlLWIyNWEtMjM5NWIyOWFjMjEzcQxVB3JldHJpZXNxDUsAVQR0YXNrcQ5VG2RvbWFpbnMudGFza3MuY3JlYXRlX2RvbWFpbnEPVQl0aW1lbGltaXRxEE5OhlUDZXRhcRFOVQZrd2FyZ3NxEn1xE3Uu\", \"headers\": {}, \"content-type\": \"application/x-python-serialize\", \"properties\": {\"body_encoding\": \"base64\", \"correlation_id\": \"395f56ba-4fbe-40be-b25a-2395b29ac213\", \"reply_to\": \"567703e7-9995-39c8-b8e1-450460f8a273\", \"delivery_info\": {\"priority\": 0, \"routing_key\": \"celery\", \"exchange\": \"celery\"}, \"delivery_mode\": 2, \"delivery_tag\": \"19a91154-61c4-4f1e-9ccc-584eff88921f\"}, \"content-encoding\": \"binary\"}"}}, {"pk": 49275, "model": "django.message", "fields": {"queue": 1, "visible": true, "sent_at": "2014-05-16T10:22:42.165Z", "payload": "{\"body\": \"gAJ9cQEoVQdleHBpcmVzcQJOVQN1dGNxA4hVBGFyZ3NxBFgNAAAAZGVhbGdvdXJvdS5jaHEFWAMAAAB3d3dxBoZxB1UFY2hvcmRxCE5VCWNhbGxiYWNrc3EJTlUIZXJyYmFja3NxCk5VB3Rhc2tzZXRxC05VAmlkcQxVJDA2YjJiYmYzLWE4MmItNDkwMS1hZTQ2LWUwNjdkOTUyMWEwZnENVQdyZXRyaWVzcQ5LAFUEdGFza3EPVR5kb21haW5zLnRhc2tzLmRlbGV0ZV9zdWJkb21haW5xEFUJdGltZWxpbWl0cRFOToZVA2V0YXESTlUGa3dhcmdzcRN9cRR1Lg==\", \"headers\": {}, \"content-type\": \"application/x-python-serialize\", \"properties\": {\"body_encoding\": \"base64\", \"correlation_id\": \"06b2bbf3-a82b-4901-ae46-e067d9521a0f\", \"reply_to\": \"567703e7-9995-39c8-b8e1-450460f8a273\", \"delivery_info\": {\"priority\": 0, \"routing_key\": \"celery\", \"exchange\": \"celery\"}, \"delivery_mode\": 2, \"delivery_tag\": \"18fd0ccf-ce12-4bdf-9b54-01fe3c6b8513\"}, \"content-encoding\": \"binary\"}"}}, {"pk": 49276, "model": "django.message", "fields": {"queue": 1, "visible": true, "sent_at": "2014-05-16T10:22:47.513Z", "payload": "{\"body\": \"gAJ9cQEoVQdleHBpcmVzcQJOVQN1dGNxA4hVBGFyZ3NxBFgNAAAAZGVhbGdvdXJvdS5jaHEFhXEGVQVjaG9yZHEHTlUJY2FsbGJhY2tzcQhOVQhlcnJiYWNrc3EJTlUHdGFza3NldHEKTlUCaWRxC1UkNmUyNGViN2YtOTU2Ny00ZTk1LTk5MmMtNzQ4ZDViMmMwNzI2cQxVB3JldHJpZXNxDUsAVQR0YXNrcQ5VG2RvbWFpbnMudGFza3MuY3JlYXRlX2RvbWFpbnEPVQl0aW1lbGltaXRxEE5OhlUDZXRhcRFOVQZrd2FyZ3NxEn1xE3Uu\", \"headers\": {}, \"content-type\": \"application/x-python-serialize\", \"properties\": {\"body_encoding\": \"base64\", \"correlation_id\": \"6e24eb7f-9567-4e95-992c-748d5b2c0726\", \"reply_to\": \"567703e7-9995-39c8-b8e1-450460f8a273\", \"delivery_info\": {\"priority\": 0, \"routing_key\": \"celery\", \"exchange\": \"celery\"}, \"delivery_mode\": 2, \"delivery_tag\": \"54cfdcc6-0057-4892-8925-57e6b2c290bf\"}, \"content-encoding\": \"binary\"}"}}, {"pk": 49277, "model": "django.message", "fields": {"queue": 1, "visible": true, "sent_at": "2014-05-16T10:22:47.545Z", "payload": "{\"body\": \"gAJ9cQEoVQdleHBpcmVzcQJOVQN1dGNxA4hVBGFyZ3NxBFgNAAAAZGVhbGdvdXJvdS5jaHEFWAQAAAB0ZXN0cQaGcQdVBWNob3JkcQhOVQljYWxsYmFja3NxCU5VCGVycmJhY2tzcQpOVQd0YXNrc2V0cQtOVQJpZHEMVSQyNDEyODI2MS04MTc5LTRmMzgtYmNmYS01ZDgxYTAxNWE5NTRxDVUHcmV0cmllc3EOSwBVBHRhc2txD1UeZG9tYWlucy50YXNrcy5kZWxldGVfc3ViZG9tYWlucRBVCXRpbWVsaW1pdHERTk6GVQNldGFxEk5VBmt3YXJnc3ETfXEUdS4=\", \"headers\": {}, \"content-type\": \"application/x-python-serialize\", \"properties\": {\"body_encoding\": \"base64\", \"correlation_id\": \"24128261-8179-4f38-bcfa-5d81a015a954\", \"reply_to\": \"567703e7-9995-39c8-b8e1-450460f8a273\", \"delivery_info\": {\"priority\": 0, \"routing_key\": \"celery\", \"exchange\": \"celery\"}, \"delivery_mode\": 2, \"delivery_tag\": \"5d08f7b7-c23a-4321-80c3-71b6be6ec91f\"}, \"content-encoding\": \"binary\"}"}}, {"pk": 49278, "model": "django.message", "fields": {"queue": 1, "visible": true, "sent_at": "2014-05-16T10:24:54.845Z", "payload": "{\"body\": \"gAJ9cQEoVQdleHBpcmVzcQJOVQN1dGNxA4hVBGFyZ3NxBFgNAAAAZGVhbGdvdXJvdS5jaHEFhXEGVQVjaG9yZHEHTlUJY2FsbGJhY2tzcQhOVQhlcnJiYWNrc3EJTlUHdGFza3NldHEKTlUCaWRxC1UkODY1NTgwZWQtNjgzOC00MDhiLTk5ODctZGU4ZDEzOWM1MjE3cQxVB3JldHJpZXNxDUsAVQR0YXNrcQ5VG2RvbWFpbnMudGFza3MuY3JlYXRlX2RvbWFpbnEPVQl0aW1lbGltaXRxEE5OhlUDZXRhcRFOVQZrd2FyZ3NxEn1xE3Uu\", \"headers\": {}, \"content-type\": \"application/x-python-serialize\", \"properties\": {\"body_encoding\": \"base64\", \"correlation_id\": \"865580ed-6838-408b-9987-de8d139c5217\", \"reply_to\": \"567703e7-9995-39c8-b8e1-450460f8a273\", \"delivery_info\": {\"priority\": 0, \"routing_key\": \"celery\", \"exchange\": \"celery\"}, \"delivery_mode\": 2, \"delivery_tag\": \"bc38403b-b2bd-4710-b556-37828c58d3ba\"}, \"content-encoding\": \"binary\"}"}}, {"pk": 49279, "model": "django.message", "fields": {"queue": 1, "visible": true, "sent_at": "2014-05-16T10:24:54.878Z", "payload": "{\"body\": \"gAJ9cQEoVQdleHBpcmVzcQJOVQN1dGNxA4hVBGFyZ3NxBFgNAAAAZGVhbGdvdXJvdS5jaHEFhXEGVQVjaG9yZHEHTlUJY2FsbGJhY2tzcQhOVQhlcnJiYWNrc3EJTlUHdGFza3NldHEKTlUCaWRxC1UkM2E0ZjMxNzktMWE1Ni00YzcxLThmMzAtZWY3OWU1NDUwY2RjcQxVB3JldHJpZXNxDUsAVQR0YXNrcQ5VG2RvbWFpbnMudGFza3MuY3JlYXRlX2RvbWFpbnEPVQl0aW1lbGltaXRxEE5OhlUDZXRhcRFOVQZrd2FyZ3NxEn1xE3Uu\", \"headers\": {}, \"content-type\": \"application/x-python-serialize\", \"properties\": {\"body_encoding\": \"base64\", \"correlation_id\": \"3a4f3179-1a56-4c71-8f30-ef79e5450cdc\", \"reply_to\": \"567703e7-9995-39c8-b8e1-450460f8a273\", \"delivery_info\": {\"priority\": 0, \"routing_key\": \"celery\", \"exchange\": \"celery\"}, \"delivery_mode\": 2, \"delivery_tag\": \"58f93789-730f-463e-99f6-e689059d7dfa\"}, \"content-encoding\": \"binary\"}"}}, {"pk": 49280, "model": "django.message", "fields": {"queue": 1, "visible": true, "sent_at": "2014-05-16T10:24:54.896Z", "payload": "{\"body\": \"gAJ9cQEoVQdleHBpcmVzcQJOVQN1dGNxA4hVBGFyZ3NxBFgNAAAAZGVhbGdvdXJvdS5jaHEFWAMAAAB3d3dxBoZxB1UFY2hvcmRxCE5VCWNhbGxiYWNrc3EJTlUIZXJyYmFja3NxCk5VB3Rhc2tzZXRxC05VAmlkcQxVJGFjMmYzMmIyLWUzYmUtNDE1ZC05N2IzLWE0ZGE1YTE0MTQzNnENVQdyZXRyaWVzcQ5LAFUEdGFza3EPVR5kb21haW5zLnRhc2tzLmRlbGV0ZV9zdWJkb21haW5xEFUJdGltZWxpbWl0cRFOToZVA2V0YXESTlUGa3dhcmdzcRN9cRR1Lg==\", \"headers\": {}, \"content-type\": \"application/x-python-serialize\", \"properties\": {\"body_encoding\": \"base64\", \"correlation_id\": \"ac2f32b2-e3be-415d-97b3-a4da5a141436\", \"reply_to\": \"567703e7-9995-39c8-b8e1-450460f8a273\", \"delivery_info\": {\"priority\": 0, \"routing_key\": \"celery\", \"exchange\": \"celery\"}, \"delivery_mode\": 2, \"delivery_tag\": \"1952cd47-8e20-45cb-864c-78ac198dcab8\"}, \"content-encoding\": \"binary\"}"}}, {"pk": 49281, "model": "django.message", "fields": {"queue": 1, "visible": true, "sent_at": "2014-05-16T10:25:01.954Z", "payload": "{\"body\": \"gAJ9cQEoVQdleHBpcmVzcQJOVQN1dGNxA4hVBGFyZ3NxBFgNAAAAZGVhbGdvdXJvdS5jaHEFhXEGVQVjaG9yZHEHTlUJY2FsbGJhY2tzcQhOVQhlcnJiYWNrc3EJTlUHdGFza3NldHEKTlUCaWRxC1UkNzA4NzY1NmYtZTBhMi00Yjc4LThlNWUtMTMzZDgyNzZkYWUxcQxVB3JldHJpZXNxDUsAVQR0YXNrcQ5VG2RvbWFpbnMudGFza3MuY3JlYXRlX2RvbWFpbnEPVQl0aW1lbGltaXRxEE5OhlUDZXRhcRFOVQZrd2FyZ3NxEn1xE3Uu\", \"headers\": {}, \"content-type\": \"application/x-python-serialize\", \"properties\": {\"body_encoding\": \"base64\", \"correlation_id\": \"7087656f-e0a2-4b78-8e5e-133d8276dae1\", \"reply_to\": \"567703e7-9995-39c8-b8e1-450460f8a273\", \"delivery_info\": {\"priority\": 0, \"routing_key\": \"celery\", \"exchange\": \"celery\"}, \"delivery_mode\": 2, \"delivery_tag\": \"de1e79d0-60eb-4529-a9f9-5eccea20e2ae\"}, \"content-encoding\": \"binary\"}"}}, {"pk": 49282, "model": "django.message", "fields": {"queue": 1, "visible": true, "sent_at": "2014-05-16T10:25:06.206Z", "payload": "{\"body\": \"gAJ9cQEoVQdleHBpcmVzcQJOVQN1dGNxA4hVBGFyZ3NxBFgNAAAAZGVhbGdvdXJvdS5jaHEFhXEGVQVjaG9yZHEHTlUJY2FsbGJhY2tzcQhOVQhlcnJiYWNrc3EJTlUHdGFza3NldHEKTlUCaWRxC1UkZjhhZTg5NGUtYjQxNy00NWNkLWFiODAtMWE3M2I4ZTliMWU3cQxVB3JldHJpZXNxDUsAVQR0YXNrcQ5VG2RvbWFpbnMudGFza3MuY3JlYXRlX2RvbWFpbnEPVQl0aW1lbGltaXRxEE5OhlUDZXRhcRFOVQZrd2FyZ3NxEn1xE3Uu\", \"headers\": {}, \"content-type\": \"application/x-python-serialize\", \"properties\": {\"body_encoding\": \"base64\", \"correlation_id\": \"f8ae894e-b417-45cd-ab80-1a73b8e9b1e7\", \"reply_to\": \"567703e7-9995-39c8-b8e1-450460f8a273\", \"delivery_info\": {\"priority\": 0, \"routing_key\": \"celery\", \"exchange\": \"celery\"}, \"delivery_mode\": 2, \"delivery_tag\": \"dbbed931-ef6e-44c6-b700-b3f9e8cb6e03\"}, \"content-encoding\": \"binary\"}"}}, {"pk": 49283, "model": "django.message", "fields": {"queue": 1, "visible": true, "sent_at": "2014-05-16T10:25:06.238Z", "payload": "{\"body\": \"gAJ9cQEoVQdleHBpcmVzcQJOVQN1dGNxA4hVBGFyZ3NxBFgNAAAAZGVhbGdvdXJvdS5jaHEFhXEGVQVjaG9yZHEHTlUJY2FsbGJhY2tzcQhOVQhlcnJiYWNrc3EJTlUHdGFza3NldHEKTlUCaWRxC1UkOGE3OTEzYzktODUzOS00NWE4LTllZmUtMGU4MjU1OGZmMGE1cQxVB3JldHJpZXNxDUsAVQR0YXNrcQ5VG2RvbWFpbnMudGFza3MuY3JlYXRlX2RvbWFpbnEPVQl0aW1lbGltaXRxEE5OhlUDZXRhcRFOVQZrd2FyZ3NxEn1xE3Uu\", \"headers\": {}, \"content-type\": \"application/x-python-serialize\", \"properties\": {\"body_encoding\": \"base64\", \"correlation_id\": \"8a7913c9-8539-45a8-9efe-0e82558ff0a5\", \"reply_to\": \"567703e7-9995-39c8-b8e1-450460f8a273\", \"delivery_info\": {\"priority\": 0, \"routing_key\": \"celery\", \"exchange\": \"celery\"}, \"delivery_mode\": 2, \"delivery_tag\": \"81b83195-09f9-4323-8b40-7b0391a9e185\"}, \"content-encoding\": \"binary\"}"}}, {"pk": 49284, "model": "django.message", "fields": {"queue": 1, "visible": true, "sent_at": "2014-05-16T10:25:06.260Z", "payload": "{\"body\": \"gAJ9cQEoVQdleHBpcmVzcQJOVQN1dGNxA4hVBGFyZ3NxBFgNAAAAZGVhbGdvdXJvdS5jaHEFWAQAAAB3d3cycQaGcQdVBWNob3JkcQhOVQljYWxsYmFja3NxCU5VCGVycmJhY2tzcQpOVQd0YXNrc2V0cQtOVQJpZHEMVSRmOWM3ZjdiNy0zYWJmLTQ3MWYtYjUzNS05NTdiZDRiMTQ5MThxDVUHcmV0cmllc3EOSwBVBHRhc2txD1UeZG9tYWlucy50YXNrcy5kZWxldGVfc3ViZG9tYWlucRBVCXRpbWVsaW1pdHERTk6GVQNldGFxEk5VBmt3YXJnc3ETfXEUdS4=\", \"headers\": {}, \"content-type\": \"application/x-python-serialize\", \"properties\": {\"body_encoding\": \"base64\", \"correlation_id\": \"f9c7f7b7-3abf-471f-b535-957bd4b14918\", \"reply_to\": \"567703e7-9995-39c8-b8e1-450460f8a273\", \"delivery_info\": {\"priority\": 0, \"routing_key\": \"celery\", \"exchange\": \"celery\"}, \"delivery_mode\": 2, \"delivery_tag\": \"8c7aeb74-d106-44c3-beba-b0e96f0a0549\"}, \"content-encoding\": \"binary\"}"}}, {"pk": 49285, "model": "django.message", "fields": {"queue": 1, "visible": true, "sent_at": "2014-05-16T10:25:12.133Z", "payload": "{\"body\": \"gAJ9cQEoVQdleHBpcmVzcQJOVQN1dGNxA4hVBGFyZ3NxBFgNAAAAZGVhbGdvdXJvdS5jaHEFhXEGVQVjaG9yZHEHTlUJY2FsbGJhY2tzcQhOVQhlcnJiYWNrc3EJTlUHdGFza3NldHEKTlUCaWRxC1UkY2M3YmJkZWUtOGU1MC00MDZjLTlmNTUtM2MwNjUzNzU3OGQzcQxVB3JldHJpZXNxDUsAVQR0YXNrcQ5VG2RvbWFpbnMudGFza3MuY3JlYXRlX2RvbWFpbnEPVQl0aW1lbGltaXRxEE5OhlUDZXRhcRFOVQZrd2FyZ3NxEn1xE3Uu\", \"headers\": {}, \"content-type\": \"application/x-python-serialize\", \"properties\": {\"body_encoding\": \"base64\", \"correlation_id\": \"cc7bbdee-8e50-406c-9f55-3c06537578d3\", \"reply_to\": \"567703e7-9995-39c8-b8e1-450460f8a273\", \"delivery_info\": {\"priority\": 0, \"routing_key\": \"celery\", \"exchange\": \"celery\"}, \"delivery_mode\": 2, \"delivery_tag\": \"6bf7fe9e-5897-47b1-8a03-3f0e33995c89\"}, \"content-encoding\": \"binary\"}"}}, {"pk": 49286, "model": "django.message", "fields": {"queue": 1, "visible": true, "sent_at": "2014-05-16T10:25:12.165Z", "payload": "{\"body\": \"gAJ9cQEoVQdleHBpcmVzcQJOVQN1dGNxA4hVBGFyZ3NxBFgNAAAAZGVhbGdvdXJvdS5jaHEFWAQAAAB0ZXN0cQaGcQdVBWNob3JkcQhOVQljYWxsYmFja3NxCU5VCGVycmJhY2tzcQpOVQd0YXNrc2V0cQtOVQJpZHEMVSQwYzU2MWYxZi1iMDIwLTRlYzQtYjE3My00YTNjYjEyZDEyMTZxDVUHcmV0cmllc3EOSwBVBHRhc2txD1UeZG9tYWlucy50YXNrcy5kZWxldGVfc3ViZG9tYWlucRBVCXRpbWVsaW1pdHERTk6GVQNldGFxEk5VBmt3YXJnc3ETfXEUdS4=\", \"headers\": {}, \"content-type\": \"application/x-python-serialize\", \"properties\": {\"body_encoding\": \"base64\", \"correlation_id\": \"0c561f1f-b020-4ec4-b173-4a3cb12d1216\", \"reply_to\": \"567703e7-9995-39c8-b8e1-450460f8a273\", \"delivery_info\": {\"priority\": 0, \"routing_key\": \"celery\", \"exchange\": \"celery\"}, \"delivery_mode\": 2, \"delivery_tag\": \"686ba225-2a0b-4c28-accf-1bb4fab2d1b2\"}, \"content-encoding\": \"binary\"}"}}, {"pk": 49287, "model": "django.message", "fields": {"queue": 1, "visible": true, "sent_at": "2014-05-16T10:35:06.455Z", "payload": "{\"body\": \"gAJ9cQEoVQdleHBpcmVzcQJOVQN1dGNxA4hVBGFyZ3NxBFgNAAAAZGVhbGdvdXJvdS5jaHEFhXEGVQVjaG9yZHEHTlUJY2FsbGJhY2tzcQhOVQhlcnJiYWNrc3EJTlUHdGFza3NldHEKTlUCaWRxC1UkMDAyOGZkOGItNTkyYy00MDQ5LWFhYjYtOTMxYmVjMjYyMjJkcQxVB3JldHJpZXNxDUsAVQR0YXNrcQ5VG2RvbWFpbnMudGFza3MuY3JlYXRlX2RvbWFpbnEPVQl0aW1lbGltaXRxEE5OhlUDZXRhcRFOVQZrd2FyZ3NxEn1xE3Uu\", \"headers\": {}, \"content-type\": \"application/x-python-serialize\", \"properties\": {\"body_encoding\": \"base64\", \"correlation_id\": \"0028fd8b-592c-4049-aab6-931bec26222d\", \"reply_to\": \"76ddb080-1b13-325e-9e4f-d0e8d3ea163c\", \"delivery_info\": {\"priority\": 0, \"routing_key\": \"celery\", \"exchange\": \"celery\"}, \"delivery_mode\": 2, \"delivery_tag\": \"acdc300a-c1a4-48ef-b3c6-577f06563597\"}, \"content-encoding\": \"binary\"}"}}, {"pk": 49288, "model": "django.message", "fields": {"queue": 1, "visible": true, "sent_at": "2014-05-16T10:35:06.488Z", "payload": "{\"body\": \"gAJ9cQEoVQdleHBpcmVzcQJOVQN1dGNxA4hVBGFyZ3NxBFgNAAAAZGVhbGdvdXJvdS5jaHEFWAQAAAB0ZXN0cQaGcQdVBWNob3JkcQhOVQljYWxsYmFja3NxCU5VCGVycmJhY2tzcQpOVQd0YXNrc2V0cQtOVQJpZHEMVSQxYjljZGZhOC03YjZlLTRhZGQtOTU5Yi03ZmU5ZjkxNTU3ZGVxDVUHcmV0cmllc3EOSwBVBHRhc2txD1UeZG9tYWlucy50YXNrcy5kZWxldGVfc3ViZG9tYWlucRBVCXRpbWVsaW1pdHERTk6GVQNldGFxEk5VBmt3YXJnc3ETfXEUdS4=\", \"headers\": {}, \"content-type\": \"application/x-python-serialize\", \"properties\": {\"body_encoding\": \"base64\", \"correlation_id\": \"1b9cdfa8-7b6e-4add-959b-7fe9f91557de\", \"reply_to\": \"76ddb080-1b13-325e-9e4f-d0e8d3ea163c\", \"delivery_info\": {\"priority\": 0, \"routing_key\": \"celery\", \"exchange\": \"celery\"}, \"delivery_mode\": 2, \"delivery_tag\": \"34a785cc-e5e6-4ebd-bc34-c0cf90f0f6b6\"}, \"content-encoding\": \"binary\"}"}}, {"pk": 49289, "model": "django.message", "fields": {"queue": 1, "visible": true, "sent_at": "2014-05-16T10:35:09.963Z", "payload": "{\"body\": \"gAJ9cQEoVQdleHBpcmVzcQJOVQN1dGNxA4hVBGFyZ3NxBFgNAAAAZGVhbGdvdXJvdS5jaHEFhXEGVQVjaG9yZHEHTlUJY2FsbGJhY2tzcQhOVQhlcnJiYWNrc3EJTlUHdGFza3NldHEKTlUCaWRxC1UkM2MzOTNhNTQtODdmYi00NmUyLTk5ZWMtNzVkNDE0YjdhNjFlcQxVB3JldHJpZXNxDUsAVQR0YXNrcQ5VG2RvbWFpbnMudGFza3MuY3JlYXRlX2RvbWFpbnEPVQl0aW1lbGltaXRxEE5OhlUDZXRhcRFOVQZrd2FyZ3NxEn1xE3Uu\", \"headers\": {}, \"content-type\": \"application/x-python-serialize\", \"properties\": {\"body_encoding\": \"base64\", \"correlation_id\": \"3c393a54-87fb-46e2-99ec-75d414b7a61e\", \"reply_to\": \"76ddb080-1b13-325e-9e4f-d0e8d3ea163c\", \"delivery_info\": {\"priority\": 0, \"routing_key\": \"celery\", \"exchange\": \"celery\"}, \"delivery_mode\": 2, \"delivery_tag\": \"7568898c-fbeb-47aa-94af-90489e149d94\"}, \"content-encoding\": \"binary\"}"}}, {"pk": 49290, "model": "django.message", "fields": {"queue": 1, "visible": true, "sent_at": "2014-05-16T10:35:10.003Z", "payload": "{\"body\": \"gAJ9cQEoVQdleHBpcmVzcQJOVQN1dGNxA4hVBGFyZ3NxBFgNAAAAZGVhbGdvdXJvdS5jaHEFhXEGVQVjaG9yZHEHTlUJY2FsbGJhY2tzcQhOVQhlcnJiYWNrc3EJTlUHdGFza3NldHEKTlUCaWRxC1UkYjBkYmUxNmItYTA0Ni00N2Q5LTliMGQtYzkyN2YzNDQwZGYycQxVB3JldHJpZXNxDUsAVQR0YXNrcQ5VG2RvbWFpbnMudGFza3MuY3JlYXRlX2RvbWFpbnEPVQl0aW1lbGltaXRxEE5OhlUDZXRhcRFOVQZrd2FyZ3NxEn1xE3Uu\", \"headers\": {}, \"content-type\": \"application/x-python-serialize\", \"properties\": {\"body_encoding\": \"base64\", \"correlation_id\": \"b0dbe16b-a046-47d9-9b0d-c927f3440df2\", \"reply_to\": \"76ddb080-1b13-325e-9e4f-d0e8d3ea163c\", \"delivery_info\": {\"priority\": 0, \"routing_key\": \"celery\", \"exchange\": \"celery\"}, \"delivery_mode\": 2, \"delivery_tag\": \"aaa05c22-e306-415b-b57d-a7d4902eb7e0\"}, \"content-encoding\": \"binary\"}"}}, {"pk": 49291, "model": "django.message", "fields": {"queue": 1, "visible": true, "sent_at": "2014-05-16T10:35:10.022Z", "payload": "{\"body\": \"gAJ9cQEoVQdleHBpcmVzcQJOVQN1dGNxA4hVBGFyZ3NxBFgNAAAAZGVhbGdvdXJvdS5jaHEFWAQAAAB0ZXN0cQaGcQdVBWNob3JkcQhOVQljYWxsYmFja3NxCU5VCGVycmJhY2tzcQpOVQd0YXNrc2V0cQtOVQJpZHEMVSRmYWI4NmNiNC02MmNmLTRmOGQtYWU5NC0zNTFiZjJjYWJlNTZxDVUHcmV0cmllc3EOSwBVBHRhc2txD1UeZG9tYWlucy50YXNrcy5kZWxldGVfc3ViZG9tYWlucRBVCXRpbWVsaW1pdHERTk6GVQNldGFxEk5VBmt3YXJnc3ETfXEUdS4=\", \"headers\": {}, \"content-type\": \"application/x-python-serialize\", \"properties\": {\"body_encoding\": \"base64\", \"correlation_id\": \"fab86cb4-62cf-4f8d-ae94-351bf2cabe56\", \"reply_to\": \"76ddb080-1b13-325e-9e4f-d0e8d3ea163c\", \"delivery_info\": {\"priority\": 0, \"routing_key\": \"celery\", \"exchange\": \"celery\"}, \"delivery_mode\": 2, \"delivery_tag\": \"679e10fc-eb83-4f74-9834-6886523ddc45\"}, \"content-encoding\": \"binary\"}"}}, {"pk": 49292, "model": "django.message", "fields": {"queue": 1, "visible": true, "sent_at": "2014-05-16T10:37:54.469Z", "payload": "{\"body\": \"gAJ9cQEoVQdleHBpcmVzcQJOVQN1dGNxA4hVBGFyZ3NxBFgNAAAAZGVhbGdvdXJvdS5jaHEFhXEGVQVjaG9yZHEHTlUJY2FsbGJhY2tzcQhOVQhlcnJiYWNrc3EJTlUHdGFza3NldHEKTlUCaWRxC1UkZDVhMWU5YzQtMjNhNi00MjczLWEwOTctNTQxMDYzYmQyODMycQxVB3JldHJpZXNxDUsAVQR0YXNrcQ5VG2RvbWFpbnMudGFza3MuY3JlYXRlX2RvbWFpbnEPVQl0aW1lbGltaXRxEE5OhlUDZXRhcRFOVQZrd2FyZ3NxEn1xE3Uu\", \"headers\": {}, \"content-type\": \"application/x-python-serialize\", \"properties\": {\"body_encoding\": \"base64\", \"correlation_id\": \"d5a1e9c4-23a6-4273-a097-541063bd2832\", \"reply_to\": \"787af6f2-8e5a-35ab-a023-9f0cf0084049\", \"delivery_info\": {\"priority\": 0, \"routing_key\": \"celery\", \"exchange\": \"celery\"}, \"delivery_mode\": 2, \"delivery_tag\": \"d0f08084-d054-4399-be8f-6b0adcd61f5d\"}, \"content-encoding\": \"binary\"}"}}, {"pk": 49293, "model": "django.message", "fields": {"queue": 1, "visible": true, "sent_at": "2014-05-16T10:37:54.502Z", "payload": "{\"body\": \"gAJ9cQEoVQdleHBpcmVzcQJOVQN1dGNxA4hVBGFyZ3NxBFgNAAAAZGVhbGdvdXJvdS5jaHEFWAUAAAB0ZXN0MnEGhnEHVQVjaG9yZHEITlUJY2FsbGJhY2tzcQlOVQhlcnJiYWNrc3EKTlUHdGFza3NldHELTlUCaWRxDFUkMDI2M2RkY2QtZjExNy00NDdiLWI1NTItZmUxNTFlOTIyM2EzcQ1VB3JldHJpZXNxDksAVQR0YXNrcQ9VHmRvbWFpbnMudGFza3MuZGVsZXRlX3N1YmRvbWFpbnEQVQl0aW1lbGltaXRxEU5OhlUDZXRhcRJOVQZrd2FyZ3NxE31xFHUu\", \"headers\": {}, \"content-type\": \"application/x-python-serialize\", \"properties\": {\"body_encoding\": \"base64\", \"correlation_id\": \"0263ddcd-f117-447b-b552-fe151e9223a3\", \"reply_to\": \"787af6f2-8e5a-35ab-a023-9f0cf0084049\", \"delivery_info\": {\"priority\": 0, \"routing_key\": \"celery\", \"exchange\": \"celery\"}, \"delivery_mode\": 2, \"delivery_tag\": \"ea893f35-a0df-42ee-a1ca-c104c68d1b03\"}, \"content-encoding\": \"binary\"}"}}, {"pk": 49294, "model": "django.message", "fields": {"queue": 1, "visible": true, "sent_at": "2014-05-16T10:41:37.385Z", "payload": "{\"body\": \"gAJ9cQEoVQdleHBpcmVzcQJOVQN1dGNxA4hVBGFyZ3NxBFgNAAAAZGVhbGdvdXJvdS5jaHEFhXEGVQVjaG9yZHEHTlUJY2FsbGJhY2tzcQhOVQhlcnJiYWNrc3EJTlUHdGFza3NldHEKTlUCaWRxC1UkNjVhODBlZGYtY2M0NC00YmMzLTg2N2QtOWQxMDgyMGIyYjJmcQxVB3JldHJpZXNxDUsAVQR0YXNrcQ5VG2RvbWFpbnMudGFza3MuY3JlYXRlX2RvbWFpbnEPVQl0aW1lbGltaXRxEE5OhlUDZXRhcRFOVQZrd2FyZ3NxEn1xE3Uu\", \"headers\": {}, \"content-type\": \"application/x-python-serialize\", \"properties\": {\"body_encoding\": \"base64\", \"correlation_id\": \"65a80edf-cc44-4bc3-867d-9d10820b2b2f\", \"reply_to\": \"3c640953-cf5b-3fd9-bb42-7850337ed13a\", \"delivery_info\": {\"priority\": 0, \"routing_key\": \"celery\", \"exchange\": \"celery\"}, \"delivery_mode\": 2, \"delivery_tag\": \"ac845d32-a4b9-48ce-a319-c0541f054d15\"}, \"content-encoding\": \"binary\"}"}}, {"pk": 49295, "model": "django.message", "fields": {"queue": 1, "visible": true, "sent_at": "2014-05-16T10:41:37.418Z", "payload": "{\"body\": \"gAJ9cQEoVQdleHBpcmVzcQJOVQN1dGNxA4hVBGFyZ3NxBFgNAAAAZGVhbGdvdXJvdS5jaHEFWAUAAAB0ZXN0MnEGhnEHVQVjaG9yZHEITlUJY2FsbGJhY2tzcQlOVQhlcnJiYWNrc3EKTlUHdGFza3NldHELTlUCaWRxDFUkNjI2ZDQwNTctMjdiNy00OTc5LTk5NTMtOWY3ZjBkYjc4ZDIzcQ1VB3JldHJpZXNxDksAVQR0YXNrcQ9VHmRvbWFpbnMudGFza3MuZGVsZXRlX3N1YmRvbWFpbnEQVQl0aW1lbGltaXRxEU5OhlUDZXRhcRJOVQZrd2FyZ3NxE31xFHUu\", \"headers\": {}, \"content-type\": \"application/x-python-serialize\", \"properties\": {\"body_encoding\": \"base64\", \"correlation_id\": \"626d4057-27b7-4979-9953-9f7f0db78d23\", \"reply_to\": \"3c640953-cf5b-3fd9-bb42-7850337ed13a\", \"delivery_info\": {\"priority\": 0, \"routing_key\": \"celery\", \"exchange\": \"celery\"}, \"delivery_mode\": 2, \"delivery_tag\": \"6a3bd086-0232-4e8b-b269-366d210eb346\"}, \"content-encoding\": \"binary\"}"}}, {"pk": 49296, "model": "django.message", "fields": {"queue": 1, "visible": true, "sent_at": "2014-05-16T10:41:42.847Z", "payload": "{\"body\": \"gAJ9cQEoVQdleHBpcmVzcQJOVQN1dGNxA4hVBGFyZ3NxBFgNAAAAZGVhbGdvdXJvdS5jaHEFhXEGVQVjaG9yZHEHTlUJY2FsbGJhY2tzcQhOVQhlcnJiYWNrc3EJTlUHdGFza3NldHEKTlUCaWRxC1UkOGE4ODMxMzktYjEzMi00YjkwLTlmZmMtMzAzODc2YTg2NzcycQxVB3JldHJpZXNxDUsAVQR0YXNrcQ5VG2RvbWFpbnMudGFza3MuY3JlYXRlX2RvbWFpbnEPVQl0aW1lbGltaXRxEE5OhlUDZXRhcRFOVQZrd2FyZ3NxEn1xE3Uu\", \"headers\": {}, \"content-type\": \"application/x-python-serialize\", \"properties\": {\"body_encoding\": \"base64\", \"correlation_id\": \"8a883139-b132-4b90-9ffc-303876a86772\", \"reply_to\": \"3c640953-cf5b-3fd9-bb42-7850337ed13a\", \"delivery_info\": {\"priority\": 0, \"routing_key\": \"celery\", \"exchange\": \"celery\"}, \"delivery_mode\": 2, \"delivery_tag\": \"485aff1c-1224-4004-94c5-114e977924bf\"}, \"content-encoding\": \"binary\"}"}}, {"pk": 49297, "model": "django.message", "fields": {"queue": 1, "visible": true, "sent_at": "2014-05-16T10:41:42.879Z", "payload": "{\"body\": \"gAJ9cQEoVQdleHBpcmVzcQJOVQN1dGNxA4hVBGFyZ3NxBFgNAAAAZGVhbGdvdXJvdS5jaHEFWAUAAAB0ZXN0MnEGhnEHVQVjaG9yZHEITlUJY2FsbGJhY2tzcQlOVQhlcnJiYWNrc3EKTlUHdGFza3NldHELTlUCaWRxDFUkY2VhOTc1YTEtZGUyNS00NDk3LTg1YWMtMmE5MzFiNTgyOTgzcQ1VB3JldHJpZXNxDksAVQR0YXNrcQ9VHmRvbWFpbnMudGFza3MuZGVsZXRlX3N1YmRvbWFpbnEQVQl0aW1lbGltaXRxEU5OhlUDZXRhcRJOVQZrd2FyZ3NxE31xFHUu\", \"headers\": {}, \"content-type\": \"application/x-python-serialize\", \"properties\": {\"body_encoding\": \"base64\", \"correlation_id\": \"cea975a1-de25-4497-85ac-2a931b582983\", \"reply_to\": \"3c640953-cf5b-3fd9-bb42-7850337ed13a\", \"delivery_info\": {\"priority\": 0, \"routing_key\": \"celery\", \"exchange\": \"celery\"}, \"delivery_mode\": 2, \"delivery_tag\": \"ede42313-e857-4a37-a46b-32a75f769e8e\"}, \"content-encoding\": \"binary\"}"}}, {"pk": 49298, "model": "django.message", "fields": {"queue": 1, "visible": true, "sent_at": "2014-05-16T10:42:05.737Z", "payload": "{\"body\": \"gAJ9cQEoVQdleHBpcmVzcQJOVQN1dGNxA4hVBGFyZ3NxBFgNAAAAZGVhbGdvdXJvdS5jaHEFhXEGVQVjaG9yZHEHTlUJY2FsbGJhY2tzcQhOVQhlcnJiYWNrc3EJTlUHdGFza3NldHEKTlUCaWRxC1UkMDZkYzg0N2EtYmMzMi00NTdlLTgxNDMtY2EwYzk3NzcyYzk4cQxVB3JldHJpZXNxDUsAVQR0YXNrcQ5VG2RvbWFpbnMudGFza3MuY3JlYXRlX2RvbWFpbnEPVQl0aW1lbGltaXRxEE5OhlUDZXRhcRFOVQZrd2FyZ3NxEn1xE3Uu\", \"headers\": {}, \"content-type\": \"application/x-python-serialize\", \"properties\": {\"body_encoding\": \"base64\", \"correlation_id\": \"06dc847a-bc32-457e-8143-ca0c97772c98\", \"reply_to\": \"6e68f31f-36ce-3d99-9e4e-777f384f59e2\", \"delivery_info\": {\"priority\": 0, \"routing_key\": \"celery\", \"exchange\": \"celery\"}, \"delivery_mode\": 2, \"delivery_tag\": \"e7bbc0d1-0544-4f14-8c3c-8fba9ce93e29\"}, \"content-encoding\": \"binary\"}"}}, {"pk": 49299, "model": "django.message", "fields": {"queue": 1, "visible": true, "sent_at": "2014-05-16T10:54:43.591Z", "payload": "{\"body\": \"gAJ9cQEoVQdleHBpcmVzcQJOVQN1dGNxA4hVBGFyZ3NxBFgQAAAAYmV5b25kdGhld2FsbC5jaHEFhXEGVQVjaG9yZHEHTlUJY2FsbGJhY2tzcQhOVQhlcnJiYWNrc3EJTlUHdGFza3NldHEKTlUCaWRxC1UkMWQ1OTc0OTEtNWNmYS00YmM4LTg5YjktNDJmZmRhOTE4YmU2cQxVB3JldHJpZXNxDUsAVQR0YXNrcQ5VG2RvbWFpbnMudGFza3MuY3JlYXRlX2RvbWFpbnEPVQl0aW1lbGltaXRxEE5OhlUDZXRhcRFOVQZrd2FyZ3NxEn1xE3Uu\", \"headers\": {}, \"content-type\": \"application/x-python-serialize\", \"properties\": {\"body_encoding\": \"base64\", \"correlation_id\": \"1d597491-5cfa-4bc8-89b9-42ffda918be6\", \"reply_to\": \"e275fb4e-a355-3d39-80b0-19279a1cf078\", \"delivery_info\": {\"priority\": 0, \"routing_key\": \"celery\", \"exchange\": \"celery\"}, \"delivery_mode\": 2, \"delivery_tag\": \"a04a3d22-4751-4ed3-9bd8-5f038ebab233\"}, \"content-encoding\": \"binary\"}"}}, {"pk": 49300, "model": "django.message", "fields": {"queue": 1, "visible": true, "sent_at": "2014-05-16T10:54:43.623Z", "payload": "{\"body\": \"gAJ9cQEoVQdleHBpcmVzcQJOVQN1dGNxA4hVBGFyZ3NxBFgQAAAAYmV5b25kdGhld2FsbC5jaHEFWAMAAAB3d3dxBoZxB1UFY2hvcmRxCE5VCWNhbGxiYWNrc3EJTlUIZXJyYmFja3NxCk5VB3Rhc2tzZXRxC05VAmlkcQxVJDMwMWFkNzYxLTEwMTctNDU0MS04ZGEwLTZiNDk0N2M1M2Q3YnENVQdyZXRyaWVzcQ5LAFUEdGFza3EPVR5kb21haW5zLnRhc2tzLmRlbGV0ZV9zdWJkb21haW5xEFUJdGltZWxpbWl0cRFOToZVA2V0YXESTlUGa3dhcmdzcRN9cRR1Lg==\", \"headers\": {}, \"content-type\": \"application/x-python-serialize\", \"properties\": {\"body_encoding\": \"base64\", \"correlation_id\": \"301ad761-1017-4541-8da0-6b4947c53d7b\", \"reply_to\": \"e275fb4e-a355-3d39-80b0-19279a1cf078\", \"delivery_info\": {\"priority\": 0, \"routing_key\": \"celery\", \"exchange\": \"celery\"}, \"delivery_mode\": 2, \"delivery_tag\": \"0adfa16f-f14d-47dc-b424-33232e7788a3\"}, \"content-encoding\": \"binary\"}"}}, {"pk": 49301, "model": "django.message", "fields": {"queue": 1, "visible": true, "sent_at": "2014-05-16T10:55:04.841Z", "payload": "{\"body\": \"gAJ9cQEoVQdleHBpcmVzcQJOVQN1dGNxA4hVBGFyZ3NxBFgQAAAAYmV5b25kdGhld2FsbC5jaHEFhXEGVQVjaG9yZHEHTlUJY2FsbGJhY2tzcQhOVQhlcnJiYWNrc3EJTlUHdGFza3NldHEKTlUCaWRxC1UkYmQwM2IzNjYtMmJhNS00NzY5LTg2ZWQtMDYwMzliNmZjMjQwcQxVB3JldHJpZXNxDUsAVQR0YXNrcQ5VG2RvbWFpbnMudGFza3MuY3JlYXRlX2RvbWFpbnEPVQl0aW1lbGltaXRxEE5OhlUDZXRhcRFOVQZrd2FyZ3NxEn1xE3Uu\", \"headers\": {}, \"content-type\": \"application/x-python-serialize\", \"properties\": {\"body_encoding\": \"base64\", \"correlation_id\": \"bd03b366-2ba5-4769-86ed-06039b6fc240\", \"reply_to\": \"c31fbbc2-2fa5-302b-aec7-561f0cca2cb2\", \"delivery_info\": {\"priority\": 0, \"routing_key\": \"celery\", \"exchange\": \"celery\"}, \"delivery_mode\": 2, \"delivery_tag\": \"0783d744-316a-472f-90ff-20c6df330e3b\"}, \"content-encoding\": \"binary\"}"}}, {"pk": 49302, "model": "django.message", "fields": {"queue": 1, "visible": true, "sent_at": "2014-05-16T10:55:04.873Z", "payload": "{\"body\": \"gAJ9cQEoVQdleHBpcmVzcQJOVQN1dGNxA4hVBGFyZ3NxBFgQAAAAYmV5b25kdGhld2FsbC5jaHEFWAMAAAB3d3dxBoZxB1UFY2hvcmRxCE5VCWNhbGxiYWNrc3EJTlUIZXJyYmFja3NxCk5VB3Rhc2tzZXRxC05VAmlkcQxVJDViYTQzNGJkLTQzY2EtNGJiOC1iMWFiLTFmY2ViMTkwY2IyM3ENVQdyZXRyaWVzcQ5LAFUEdGFza3EPVR5kb21haW5zLnRhc2tzLmRlbGV0ZV9zdWJkb21haW5xEFUJdGltZWxpbWl0cRFOToZVA2V0YXESTlUGa3dhcmdzcRN9cRR1Lg==\", \"headers\": {}, \"content-type\": \"application/x-python-serialize\", \"properties\": {\"body_encoding\": \"base64\", \"correlation_id\": \"5ba434bd-43ca-4bb8-b1ab-1fceb190cb23\", \"reply_to\": \"c31fbbc2-2fa5-302b-aec7-561f0cca2cb2\", \"delivery_info\": {\"priority\": 0, \"routing_key\": \"celery\", \"exchange\": \"celery\"}, \"delivery_mode\": 2, \"delivery_tag\": \"8b7784d8-0427-4391-99bf-52bbc181f2d5\"}, \"content-encoding\": \"binary\"}"}}, {"pk": 49303, "model": "django.message", "fields": {"queue": 1, "visible": true, "sent_at": "2014-05-16T10:55:08.003Z", "payload": "{\"body\": \"gAJ9cQEoVQdleHBpcmVzcQJOVQN1dGNxA4hVBGFyZ3NxBFgQAAAAYmV5b25kdGhld2FsbC5jaHEFhXEGVQVjaG9yZHEHTlUJY2FsbGJhY2tzcQhOVQhlcnJiYWNrc3EJTlUHdGFza3NldHEKTlUCaWRxC1UkOWIyZDNmM2MtYzgyMy00Njg0LWJkNTYtNDZiMmU0MGEwNzdicQxVB3JldHJpZXNxDUsAVQR0YXNrcQ5VG2RvbWFpbnMudGFza3MuY3JlYXRlX2RvbWFpbnEPVQl0aW1lbGltaXRxEE5OhlUDZXRhcRFOVQZrd2FyZ3NxEn1xE3Uu\", \"headers\": {}, \"content-type\": \"application/x-python-serialize\", \"properties\": {\"body_encoding\": \"base64\", \"correlation_id\": \"9b2d3f3c-c823-4684-bd56-46b2e40a077b\", \"reply_to\": \"c31fbbc2-2fa5-302b-aec7-561f0cca2cb2\", \"delivery_info\": {\"priority\": 0, \"routing_key\": \"celery\", \"exchange\": \"celery\"}, \"delivery_mode\": 2, \"delivery_tag\": \"d492d224-a828-4695-bf2f-9445038322bb\"}, \"content-encoding\": \"binary\"}"}}, {"pk": 49304, "model": "django.message", "fields": {"queue": 1, "visible": true, "sent_at": "2014-05-16T10:55:08.034Z", "payload": "{\"body\": \"gAJ9cQEoVQdleHBpcmVzcQJOVQN1dGNxA4hVBGFyZ3NxBFgQAAAAYmV5b25kdGhld2FsbC5jaHEFWAMAAAB3d3dxBoZxB1UFY2hvcmRxCE5VCWNhbGxiYWNrc3EJTlUIZXJyYmFja3NxCk5VB3Rhc2tzZXRxC05VAmlkcQxVJGIxN2U1OTRiLTQ4NDEtNGNlNy05YjJjLTIxZGI0NDRiM2Y4NXENVQdyZXRyaWVzcQ5LAFUEdGFza3EPVR5kb21haW5zLnRhc2tzLmRlbGV0ZV9zdWJkb21haW5xEFUJdGltZWxpbWl0cRFOToZVA2V0YXESTlUGa3dhcmdzcRN9cRR1Lg==\", \"headers\": {}, \"content-type\": \"application/x-python-serialize\", \"properties\": {\"body_encoding\": \"base64\", \"correlation_id\": \"b17e594b-4841-4ce7-9b2c-21db444b3f85\", \"reply_to\": \"c31fbbc2-2fa5-302b-aec7-561f0cca2cb2\", \"delivery_info\": {\"priority\": 0, \"routing_key\": \"celery\", \"exchange\": \"celery\"}, \"delivery_mode\": 2, \"delivery_tag\": \"6ffb7973-d30b-4c14-bc72-bdfa3ec7b74e\"}, \"content-encoding\": \"binary\"}"}}, {"pk": 49305, "model": "django.message", "fields": {"queue": 1, "visible": true, "sent_at": "2014-05-16T10:55:42.068Z", "payload": "{\"body\": \"gAJ9cQEoVQdleHBpcmVzcQJOVQN1dGNxA4hVBGFyZ3NxBFgQAAAAYmV5b25kdGhld2FsbC5jaHEFhXEGVQVjaG9yZHEHTlUJY2FsbGJhY2tzcQhOVQhlcnJiYWNrc3EJTlUHdGFza3NldHEKTlUCaWRxC1UkNTc4ZTlhZjQtNWVlNS00MzI3LTlhY2MtMDc5MTBiNzA0Zjg2cQxVB3JldHJpZXNxDUsAVQR0YXNrcQ5VG2RvbWFpbnMudGFza3MuY3JlYXRlX2RvbWFpbnEPVQl0aW1lbGltaXRxEE5OhlUDZXRhcRFOVQZrd2FyZ3NxEn1xE3Uu\", \"headers\": {}, \"content-type\": \"application/x-python-serialize\", \"properties\": {\"body_encoding\": \"base64\", \"correlation_id\": \"578e9af4-5ee5-4327-9acc-07910b704f86\", \"reply_to\": \"ec859ef8-5415-34c5-9ac2-0ad49ae36776\", \"delivery_info\": {\"priority\": 0, \"routing_key\": \"celery\", \"exchange\": \"celery\"}, \"delivery_mode\": 2, \"delivery_tag\": \"a90d40ff-6d32-441a-934d-a5b8994b1253\"}, \"content-encoding\": \"binary\"}"}}, {"pk": 49306, "model": "django.message", "fields": {"queue": 1, "visible": true, "sent_at": "2014-05-16T10:55:42.101Z", "payload": "{\"body\": \"gAJ9cQEoVQdleHBpcmVzcQJOVQN1dGNxA4hVBGFyZ3NxBFgQAAAAYmV5b25kdGhld2FsbC5jaHEFWAMAAAB3d3dxBoZxB1UFY2hvcmRxCE5VCWNhbGxiYWNrc3EJTlUIZXJyYmFja3NxCk5VB3Rhc2tzZXRxC05VAmlkcQxVJDVhYmYxZWY1LTJiODAtNGVlMC05MjQ1LTdhMjBjYzAwY2Y0NXENVQdyZXRyaWVzcQ5LAFUEdGFza3EPVR5kb21haW5zLnRhc2tzLmRlbGV0ZV9zdWJkb21haW5xEFUJdGltZWxpbWl0cRFOToZVA2V0YXESTlUGa3dhcmdzcRN9cRR1Lg==\", \"headers\": {}, \"content-type\": \"application/x-python-serialize\", \"properties\": {\"body_encoding\": \"base64\", \"correlation_id\": \"5abf1ef5-2b80-4ee0-9245-7a20cc00cf45\", \"reply_to\": \"ec859ef8-5415-34c5-9ac2-0ad49ae36776\", \"delivery_info\": {\"priority\": 0, \"routing_key\": \"celery\", \"exchange\": \"celery\"}, \"delivery_mode\": 2, \"delivery_tag\": \"47f901f3-65cc-4c70-b0b0-951993be4bac\"}, \"content-encoding\": \"binary\"}"}}, {"pk": 49307, "model": "django.message", "fields": {"queue": 1, "visible": true, "sent_at": "2014-05-16T10:56:46.495Z", "payload": "{\"body\": \"gAJ9cQEoVQdleHBpcmVzcQJOVQN1dGNxA4hVBGFyZ3NxBFgQAAAAYmV5b25kdGhld2FsbC5jaHEFhXEGVQVjaG9yZHEHTlUJY2FsbGJhY2tzcQhOVQhlcnJiYWNrc3EJTlUHdGFza3NldHEKTlUCaWRxC1UkZGI0Yjc1YzgtOGU0YS00Yzk0LWJlNTQtOWJiOTBmNjZkMmJlcQxVB3JldHJpZXNxDUsAVQR0YXNrcQ5VG2RvbWFpbnMudGFza3MuY3JlYXRlX2RvbWFpbnEPVQl0aW1lbGltaXRxEE5OhlUDZXRhcRFOVQZrd2FyZ3NxEn1xE3Uu\", \"headers\": {}, \"content-type\": \"application/x-python-serialize\", \"properties\": {\"body_encoding\": \"base64\", \"correlation_id\": \"db4b75c8-8e4a-4c94-be54-9bb90f66d2be\", \"reply_to\": \"ca40f5e4-3857-34b1-82ef-852d07fac55c\", \"delivery_info\": {\"priority\": 0, \"routing_key\": \"celery\", \"exchange\": \"celery\"}, \"delivery_mode\": 2, \"delivery_tag\": \"f5978a1a-e170-4593-b18a-5e376cb6361c\"}, \"content-encoding\": \"binary\"}"}}, {"pk": 49308, "model": "django.message", "fields": {"queue": 1, "visible": true, "sent_at": "2014-05-16T10:56:46.530Z", "payload": "{\"body\": \"gAJ9cQEoVQdleHBpcmVzcQJOVQN1dGNxA4hVBGFyZ3NxBFgQAAAAYmV5b25kdGhld2FsbC5jaHEFWAMAAAB3d3dxBoZxB1UFY2hvcmRxCE5VCWNhbGxiYWNrc3EJTlUIZXJyYmFja3NxCk5VB3Rhc2tzZXRxC05VAmlkcQxVJDM2OTVkNmM1LTdhMDQtNGY5YS04OGRjLTg0MjliMmU3NTQ2Y3ENVQdyZXRyaWVzcQ5LAFUEdGFza3EPVR5kb21haW5zLnRhc2tzLmRlbGV0ZV9zdWJkb21haW5xEFUJdGltZWxpbWl0cRFOToZVA2V0YXESTlUGa3dhcmdzcRN9cRR1Lg==\", \"headers\": {}, \"content-type\": \"application/x-python-serialize\", \"properties\": {\"body_encoding\": \"base64\", \"correlation_id\": \"3695d6c5-7a04-4f9a-88dc-8429b2e7546c\", \"reply_to\": \"ca40f5e4-3857-34b1-82ef-852d07fac55c\", \"delivery_info\": {\"priority\": 0, \"routing_key\": \"celery\", \"exchange\": \"celery\"}, \"delivery_mode\": 2, \"delivery_tag\": \"e1f089da-dc2c-46d5-9085-61d8df77580f\"}, \"content-encoding\": \"binary\"}"}}, {"pk": 49309, "model": "django.message", "fields": {"queue": 1, "visible": true, "sent_at": "2014-05-16T10:57:18.753Z", "payload": "{\"body\": \"gAJ9cQEoVQdleHBpcmVzcQJOVQN1dGNxA4hVBGFyZ3NxBFgQAAAAYmV5b25kdGhld2FsbC5jaHEFhXEGVQVjaG9yZHEHTlUJY2FsbGJhY2tzcQhOVQhlcnJiYWNrc3EJTlUHdGFza3NldHEKTlUCaWRxC1UkNWRjNGQ1NmYtODEzMi00NThlLWIwMzktZmUxODdlYzA1Y2Q3cQxVB3JldHJpZXNxDUsAVQR0YXNrcQ5VG2RvbWFpbnMudGFza3MuY3JlYXRlX2RvbWFpbnEPVQl0aW1lbGltaXRxEE5OhlUDZXRhcRFOVQZrd2FyZ3NxEn1xE3Uu\", \"headers\": {}, \"content-type\": \"application/x-python-serialize\", \"properties\": {\"body_encoding\": \"base64\", \"correlation_id\": \"5dc4d56f-8132-458e-b039-fe187ec05cd7\", \"reply_to\": \"ca40f5e4-3857-34b1-82ef-852d07fac55c\", \"delivery_info\": {\"priority\": 0, \"routing_key\": \"celery\", \"exchange\": \"celery\"}, \"delivery_mode\": 2, \"delivery_tag\": \"a8631822-d303-49a6-ad93-697694c90fc0\"}, \"content-encoding\": \"binary\"}"}}, {"pk": 49310, "model": "django.message", "fields": {"queue": 1, "visible": true, "sent_at": "2014-05-16T10:57:18.794Z", "payload": "{\"body\": \"gAJ9cQEoVQdleHBpcmVzcQJOVQN1dGNxA4hVBGFyZ3NxBFgQAAAAYmV5b25kdGhld2FsbC5jaHEFhXEGVQVjaG9yZHEHTlUJY2FsbGJhY2tzcQhOVQhlcnJiYWNrc3EJTlUHdGFza3NldHEKTlUCaWRxC1UkNzgyNWFmMWItNzZiNC00MWVhLTliZWYtMzc4ODcyYWY2ZmI2cQxVB3JldHJpZXNxDUsAVQR0YXNrcQ5VG2RvbWFpbnMudGFza3MuY3JlYXRlX2RvbWFpbnEPVQl0aW1lbGltaXRxEE5OhlUDZXRhcRFOVQZrd2FyZ3NxEn1xE3Uu\", \"headers\": {}, \"content-type\": \"application/x-python-serialize\", \"properties\": {\"body_encoding\": \"base64\", \"correlation_id\": \"7825af1b-76b4-41ea-9bef-378872af6fb6\", \"reply_to\": \"ca40f5e4-3857-34b1-82ef-852d07fac55c\", \"delivery_info\": {\"priority\": 0, \"routing_key\": \"celery\", \"exchange\": \"celery\"}, \"delivery_mode\": 2, \"delivery_tag\": \"2ab24b56-7913-4d98-826c-d10af0c2cf6a\"}, \"content-encoding\": \"binary\"}"}}, {"pk": 49311, "model": "django.message", "fields": {"queue": 1, "visible": true, "sent_at": "2014-05-16T10:57:24.657Z", "payload": "{\"body\": \"gAJ9cQEoVQdleHBpcmVzcQJOVQN1dGNxA4hVBGFyZ3NxBFgQAAAAYmV5b25kdGhld2FsbC5jaHEFhXEGVQVjaG9yZHEHTlUJY2FsbGJhY2tzcQhOVQhlcnJiYWNrc3EJTlUHdGFza3NldHEKTlUCaWRxC1UkMGI5YWEyMmQtZTg2ZC00NWY1LTk0M2QtOTc0MDFhN2Y3NzM2cQxVB3JldHJpZXNxDUsAVQR0YXNrcQ5VG2RvbWFpbnMudGFza3MuY3JlYXRlX2RvbWFpbnEPVQl0aW1lbGltaXRxEE5OhlUDZXRhcRFOVQZrd2FyZ3NxEn1xE3Uu\", \"headers\": {}, \"content-type\": \"application/x-python-serialize\", \"properties\": {\"body_encoding\": \"base64\", \"correlation_id\": \"0b9aa22d-e86d-45f5-943d-97401a7f7736\", \"reply_to\": \"ca40f5e4-3857-34b1-82ef-852d07fac55c\", \"delivery_info\": {\"priority\": 0, \"routing_key\": \"celery\", \"exchange\": \"celery\"}, \"delivery_mode\": 2, \"delivery_tag\": \"9daff00b-89f8-460b-b534-b3be367fc78e\"}, \"content-encoding\": \"binary\"}"}}, {"pk": 49312, "model": "django.message", "fields": {"queue": 1, "visible": true, "sent_at": "2014-05-16T10:57:24.695Z", "payload": "{\"body\": \"gAJ9cQEoVQdleHBpcmVzcQJOVQN1dGNxA4hVBGFyZ3NxBFgQAAAAYmV5b25kdGhld2FsbC5jaHEFWAQAAAB0b3RvcQaGcQdVBWNob3JkcQhOVQljYWxsYmFja3NxCU5VCGVycmJhY2tzcQpOVQd0YXNrc2V0cQtOVQJpZHEMVSRhNGQ2ZmNhNS1lOTVhLTQ0YmUtYTJjYy04ZDU1YmUxNzNiMzFxDVUHcmV0cmllc3EOSwBVBHRhc2txD1UeZG9tYWlucy50YXNrcy5kZWxldGVfc3ViZG9tYWlucRBVCXRpbWVsaW1pdHERTk6GVQNldGFxEk5VBmt3YXJnc3ETfXEUdS4=\", \"headers\": {}, \"content-type\": \"application/x-python-serialize\", \"properties\": {\"body_encoding\": \"base64\", \"correlation_id\": \"a4d6fca5-e95a-44be-a2cc-8d55be173b31\", \"reply_to\": \"ca40f5e4-3857-34b1-82ef-852d07fac55c\", \"delivery_info\": {\"priority\": 0, \"routing_key\": \"celery\", \"exchange\": \"celery\"}, \"delivery_mode\": 2, \"delivery_tag\": \"d58c1e93-0c22-4c73-a525-c26d0717e37d\"}, \"content-encoding\": \"binary\"}"}}, {"pk": 49313, "model": "django.message", "fields": {"queue": 1, "visible": true, "sent_at": "2014-05-16T11:00:21.842Z", "payload": "{\"body\": \"gAJ9cQEoVQdleHBpcmVzcQJOVQN1dGNxA4hVBGFyZ3NxBFgQAAAAYmV5b25kdGhld2FsbC5jaHEFhXEGVQVjaG9yZHEHTlUJY2FsbGJhY2tzcQhOVQhlcnJiYWNrc3EJTlUHdGFza3NldHEKTlUCaWRxC1UkNGY5NTE4M2MtZTYwYy00ZmFiLWJhOWQtMjY4MmRlOWNkNWIwcQxVB3JldHJpZXNxDUsAVQR0YXNrcQ5VG2RvbWFpbnMudGFza3MuY3JlYXRlX2RvbWFpbnEPVQl0aW1lbGltaXRxEE5OhlUDZXRhcRFOVQZrd2FyZ3NxEn1xE3Uu\", \"headers\": {}, \"content-type\": \"application/x-python-serialize\", \"properties\": {\"body_encoding\": \"base64\", \"correlation_id\": \"4f95183c-e60c-4fab-ba9d-2682de9cd5b0\", \"reply_to\": \"d54892b3-8e64-3844-821f-4f11f978b581\", \"delivery_info\": {\"priority\": 0, \"routing_key\": \"celery\", \"exchange\": \"celery\"}, \"delivery_mode\": 2, \"delivery_tag\": \"49b66016-0470-4e72-8051-fe9ca6834205\"}, \"content-encoding\": \"binary\"}"}}, {"pk": 49314, "model": "django.message", "fields": {"queue": 1, "visible": true, "sent_at": "2014-05-16T11:00:21.880Z", "payload": "{\"body\": \"gAJ9cQEoVQdleHBpcmVzcQJOVQN1dGNxA4hVBGFyZ3NxBFgQAAAAYmV5b25kdGhld2FsbC5jaHEFWAQAAAB0b3RvcQaGcQdVBWNob3JkcQhOVQljYWxsYmFja3NxCU5VCGVycmJhY2tzcQpOVQd0YXNrc2V0cQtOVQJpZHEMVSQ1NGEwZjAxYi1hZjI5LTQyMzYtOTRmMi1hYThhNzdlNThkYTZxDVUHcmV0cmllc3EOSwBVBHRhc2txD1UeZG9tYWlucy50YXNrcy5kZWxldGVfc3ViZG9tYWlucRBVCXRpbWVsaW1pdHERTk6GVQNldGFxEk5VBmt3YXJnc3ETfXEUdS4=\", \"headers\": {}, \"content-type\": \"application/x-python-serialize\", \"properties\": {\"body_encoding\": \"base64\", \"correlation_id\": \"54a0f01b-af29-4236-94f2-aa8a77e58da6\", \"reply_to\": \"d54892b3-8e64-3844-821f-4f11f978b581\", \"delivery_info\": {\"priority\": 0, \"routing_key\": \"celery\", \"exchange\": \"celery\"}, \"delivery_mode\": 2, \"delivery_tag\": \"32672e92-0a9e-49f2-b27c-fed74af33f0c\"}, \"content-encoding\": \"binary\"}"}}, {"pk": 49315, "model": "django.message", "fields": {"queue": 1, "visible": true, "sent_at": "2014-05-16T11:00:27.413Z", "payload": "{\"body\": \"gAJ9cQEoVQdleHBpcmVzcQJOVQN1dGNxA4hVBGFyZ3NxBFgQAAAAYmV5b25kdGhld2FsbC5jaHEFhXEGVQVjaG9yZHEHTlUJY2FsbGJhY2tzcQhOVQhlcnJiYWNrc3EJTlUHdGFza3NldHEKTlUCaWRxC1UkYzcxMWU3OWMtYzRmMC00Njg5LThlYzItNTZjNGM1Y2ZiZThhcQxVB3JldHJpZXNxDUsAVQR0YXNrcQ5VG2RvbWFpbnMudGFza3MuY3JlYXRlX2RvbWFpbnEPVQl0aW1lbGltaXRxEE5OhlUDZXRhcRFOVQZrd2FyZ3NxEn1xE3Uu\", \"headers\": {}, \"content-type\": \"application/x-python-serialize\", \"properties\": {\"body_encoding\": \"base64\", \"correlation_id\": \"c711e79c-c4f0-4689-8ec2-56c4c5cfbe8a\", \"reply_to\": \"d54892b3-8e64-3844-821f-4f11f978b581\", \"delivery_info\": {\"priority\": 0, \"routing_key\": \"celery\", \"exchange\": \"celery\"}, \"delivery_mode\": 2, \"delivery_tag\": \"afac2183-2d67-447f-97c2-580e91da9099\"}, \"content-encoding\": \"binary\"}"}}, {"pk": 49316, "model": "django.message", "fields": {"queue": 1, "visible": true, "sent_at": "2014-05-16T11:00:27.450Z", "payload": "{\"body\": \"gAJ9cQEoVQdleHBpcmVzcQJOVQN1dGNxA4hVBGFyZ3NxBFgQAAAAYmV5b25kdGhld2FsbC5jaHEFWAQAAAB0b3RvcQaGcQdVBWNob3JkcQhOVQljYWxsYmFja3NxCU5VCGVycmJhY2tzcQpOVQd0YXNrc2V0cQtOVQJpZHEMVSQyYzk2ZWQyMy01OTAzLTQ5NTAtYWVmMy1jZmY2MzcxZDY4NDBxDVUHcmV0cmllc3EOSwBVBHRhc2txD1UeZG9tYWlucy50YXNrcy5kZWxldGVfc3ViZG9tYWlucRBVCXRpbWVsaW1pdHERTk6GVQNldGFxEk5VBmt3YXJnc3ETfXEUdS4=\", \"headers\": {}, \"content-type\": \"application/x-python-serialize\", \"properties\": {\"body_encoding\": \"base64\", \"correlation_id\": \"2c96ed23-5903-4950-aef3-cff6371d6840\", \"reply_to\": \"d54892b3-8e64-3844-821f-4f11f978b581\", \"delivery_info\": {\"priority\": 0, \"routing_key\": \"celery\", \"exchange\": \"celery\"}, \"delivery_mode\": 2, \"delivery_tag\": \"cbeb6cba-1140-435b-8ef1-7f12b4be88be\"}, \"content-encoding\": \"binary\"}"}}, {"pk": 49317, "model": "django.message", "fields": {"queue": 1, "visible": true, "sent_at": "2014-05-16T11:00:33.623Z", "payload": "{\"body\": \"gAJ9cQEoVQdleHBpcmVzcQJOVQN1dGNxA4hVBGFyZ3NxBFgQAAAAYmV5b25kdGhld2FsbC5jaHEFhXEGVQVjaG9yZHEHTlUJY2FsbGJhY2tzcQhOVQhlcnJiYWNrc3EJTlUHdGFza3NldHEKTlUCaWRxC1UkYWM5NjcwNWUtZTc4My00N2I3LWI1MzctYmM3OGI0ZDgxOTI4cQxVB3JldHJpZXNxDUsAVQR0YXNrcQ5VG2RvbWFpbnMudGFza3MuY3JlYXRlX2RvbWFpbnEPVQl0aW1lbGltaXRxEE5OhlUDZXRhcRFOVQZrd2FyZ3NxEn1xE3Uu\", \"headers\": {}, \"content-type\": \"application/x-python-serialize\", \"properties\": {\"body_encoding\": \"base64\", \"correlation_id\": \"ac96705e-e783-47b7-b537-bc78b4d81928\", \"reply_to\": \"d54892b3-8e64-3844-821f-4f11f978b581\", \"delivery_info\": {\"priority\": 0, \"routing_key\": \"celery\", \"exchange\": \"celery\"}, \"delivery_mode\": 2, \"delivery_tag\": \"70e775bc-7fa1-43b2-b427-20b96a7c5d06\"}, \"content-encoding\": \"binary\"}"}}, {"pk": 49318, "model": "django.message", "fields": {"queue": 1, "visible": true, "sent_at": "2014-05-16T11:00:33.659Z", "payload": "{\"body\": \"gAJ9cQEoVQdleHBpcmVzcQJOVQN1dGNxA4hVBGFyZ3NxBFgQAAAAYmV5b25kdGhld2FsbC5jaHEFWAQAAAB0b3RvcQaGcQdVBWNob3JkcQhOVQljYWxsYmFja3NxCU5VCGVycmJhY2tzcQpOVQd0YXNrc2V0cQtOVQJpZHEMVSQzMzg2ZWVlNC00N2ZlLTRjNTQtODJkNi1lYzIxNWZiYmU4YWJxDVUHcmV0cmllc3EOSwBVBHRhc2txD1UeZG9tYWlucy50YXNrcy5kZWxldGVfc3ViZG9tYWlucRBVCXRpbWVsaW1pdHERTk6GVQNldGFxEk5VBmt3YXJnc3ETfXEUdS4=\", \"headers\": {}, \"content-type\": \"application/x-python-serialize\", \"properties\": {\"body_encoding\": \"base64\", \"correlation_id\": \"3386eee4-47fe-4c54-82d6-ec215fbbe8ab\", \"reply_to\": \"d54892b3-8e64-3844-821f-4f11f978b581\", \"delivery_info\": {\"priority\": 0, \"routing_key\": \"celery\", \"exchange\": \"celery\"}, \"delivery_mode\": 2, \"delivery_tag\": \"5b7c596b-0810-40a8-bd0e-fc6450a5256d\"}, \"content-encoding\": \"binary\"}"}}, {"pk": 49319, "model": "django.message", "fields": {"queue": 1, "visible": true, "sent_at": "2014-05-16T11:01:46.877Z", "payload": "{\"body\": \"gAJ9cQEoVQdleHBpcmVzcQJOVQN1dGNxA4hVBGFyZ3NxBFgQAAAAYmV5b25kdGhld2FsbC5jaHEFhXEGVQVjaG9yZHEHTlUJY2FsbGJhY2tzcQhOVQhlcnJiYWNrc3EJTlUHdGFza3NldHEKTlUCaWRxC1UkZjMyNDY1YTUtZjViYS00OTllLThhOGUtOGYyZWI2NjNiYTFmcQxVB3JldHJpZXNxDUsAVQR0YXNrcQ5VG2RvbWFpbnMudGFza3MuY3JlYXRlX2RvbWFpbnEPVQl0aW1lbGltaXRxEE5OhlUDZXRhcRFOVQZrd2FyZ3NxEn1xE3Uu\", \"headers\": {}, \"content-type\": \"application/x-python-serialize\", \"properties\": {\"body_encoding\": \"base64\", \"correlation_id\": \"f32465a5-f5ba-499e-8a8e-8f2eb663ba1f\", \"reply_to\": \"253ab10a-3208-391b-a594-6407f2ea6aec\", \"delivery_info\": {\"priority\": 0, \"routing_key\": \"celery\", \"exchange\": \"celery\"}, \"delivery_mode\": 2, \"delivery_tag\": \"eba6a54e-6066-4099-a241-10cd2f740bd5\"}, \"content-encoding\": \"binary\"}"}}, {"pk": 49320, "model": "django.message", "fields": {"queue": 1, "visible": true, "sent_at": "2014-05-16T11:01:46.918Z", "payload": "{\"body\": \"gAJ9cQEoVQdleHBpcmVzcQJOVQN1dGNxA4hVBGFyZ3NxBFgQAAAAYmV5b25kdGhld2FsbC5jaHEFWAQAAAB0b3RvcQaGcQdVBWNob3JkcQhOVQljYWxsYmFja3NxCU5VCGVycmJhY2tzcQpOVQd0YXNrc2V0cQtOVQJpZHEMVSQ3NTU0ODBmMi1mOTY0LTRkMzktYWExMi01MmUxNjRjYzgzZTJxDVUHcmV0cmllc3EOSwBVBHRhc2txD1UeZG9tYWlucy50YXNrcy5kZWxldGVfc3ViZG9tYWlucRBVCXRpbWVsaW1pdHERTk6GVQNldGFxEk5VBmt3YXJnc3ETfXEUdS4=\", \"headers\": {}, \"content-type\": \"application/x-python-serialize\", \"properties\": {\"body_encoding\": \"base64\", \"correlation_id\": \"755480f2-f964-4d39-aa12-52e164cc83e2\", \"reply_to\": \"253ab10a-3208-391b-a594-6407f2ea6aec\", \"delivery_info\": {\"priority\": 0, \"routing_key\": \"celery\", \"exchange\": \"celery\"}, \"delivery_mode\": 2, \"delivery_tag\": \"0720d3fe-8489-421a-ba75-7166b9bed429\"}, \"content-encoding\": \"binary\"}"}}, {"pk": 49321, "model": "django.message", "fields": {"queue": 1, "visible": true, "sent_at": "2014-05-16T11:02:37.342Z", "payload": "{\"body\": \"gAJ9cQEoVQdleHBpcmVzcQJOVQN1dGNxA4hVBGFyZ3NxBFgQAAAAYmV5b25kdGhld2FsbC5jaHEFhXEGVQVjaG9yZHEHTlUJY2FsbGJhY2tzcQhOVQhlcnJiYWNrc3EJTlUHdGFza3NldHEKTlUCaWRxC1UkYTNkNDlmOGMtYWZlZS00NWY0LWI2MWEtOTZhN2NjNjExZDk1cQxVB3JldHJpZXNxDUsAVQR0YXNrcQ5VG2RvbWFpbnMudGFza3MuY3JlYXRlX2RvbWFpbnEPVQl0aW1lbGltaXRxEE5OhlUDZXRhcRFOVQZrd2FyZ3NxEn1xE3Uu\", \"headers\": {}, \"content-type\": \"application/x-python-serialize\", \"properties\": {\"body_encoding\": \"base64\", \"correlation_id\": \"a3d49f8c-afee-45f4-b61a-96a7cc611d95\", \"reply_to\": \"46e74ead-cec7-3433-89fe-d90ad8eef1cd\", \"delivery_info\": {\"priority\": 0, \"routing_key\": \"celery\", \"exchange\": \"celery\"}, \"delivery_mode\": 2, \"delivery_tag\": \"0b4b0b7e-ad5d-42ca-a544-21fd8530b0eb\"}, \"content-encoding\": \"binary\"}"}}, {"pk": 49322, "model": "django.message", "fields": {"queue": 1, "visible": true, "sent_at": "2014-05-16T11:02:37.380Z", "payload": "{\"body\": \"gAJ9cQEoVQdleHBpcmVzcQJOVQN1dGNxA4hVBGFyZ3NxBFgQAAAAYmV5b25kdGhld2FsbC5jaHEFWAQAAAB0b3RvcQaGcQdVBWNob3JkcQhOVQljYWxsYmFja3NxCU5VCGVycmJhY2tzcQpOVQd0YXNrc2V0cQtOVQJpZHEMVSQ5MmVkMjdkZS1hYjZlLTQ5OTItYjJjNi1mZjliN2ViYjdmYmZxDVUHcmV0cmllc3EOSwBVBHRhc2txD1UeZG9tYWlucy50YXNrcy5kZWxldGVfc3ViZG9tYWlucRBVCXRpbWVsaW1pdHERTk6GVQNldGFxEk5VBmt3YXJnc3ETfXEUdS4=\", \"headers\": {}, \"content-type\": \"application/x-python-serialize\", \"properties\": {\"body_encoding\": \"base64\", \"correlation_id\": \"92ed27de-ab6e-4992-b2c6-ff9b7ebb7fbf\", \"reply_to\": \"46e74ead-cec7-3433-89fe-d90ad8eef1cd\", \"delivery_info\": {\"priority\": 0, \"routing_key\": \"celery\", \"exchange\": \"celery\"}, \"delivery_mode\": 2, \"delivery_tag\": \"98a183bb-f8f1-4aa4-ab36-28f33bc934c5\"}, \"content-encoding\": \"binary\"}"}}, {"pk": 49323, "model": "django.message", "fields": {"queue": 1, "visible": true, "sent_at": "2014-05-16T11:03:48.153Z", "payload": "{\"body\": \"gAJ9cQEoVQdleHBpcmVzcQJOVQN1dGNxA4hVBGFyZ3NxBFgQAAAAYmV5b25kdGhld2FsbC5jaHEFhXEGVQVjaG9yZHEHTlUJY2FsbGJhY2tzcQhOVQhlcnJiYWNrc3EJTlUHdGFza3NldHEKTlUCaWRxC1UkMjhkYmUzZTQtOTU3ZS00YjgwLThiY2QtOTg4YWZjNmIzYjkzcQxVB3JldHJpZXNxDUsAVQR0YXNrcQ5VG2RvbWFpbnMudGFza3MuY3JlYXRlX2RvbWFpbnEPVQl0aW1lbGltaXRxEE5OhlUDZXRhcRFOVQZrd2FyZ3NxEn1xE3Uu\", \"headers\": {}, \"content-type\": \"application/x-python-serialize\", \"properties\": {\"body_encoding\": \"base64\", \"correlation_id\": \"28dbe3e4-957e-4b80-8bcd-988afc6b3b93\", \"reply_to\": \"ad3eda33-1e11-37e9-a7bf-1e660d8c8563\", \"delivery_info\": {\"priority\": 0, \"routing_key\": \"celery\", \"exchange\": \"celery\"}, \"delivery_mode\": 2, \"delivery_tag\": \"cc465cf5-b913-46c6-94ff-a9bbfa6fba70\"}, \"content-encoding\": \"binary\"}"}}, {"pk": 49324, "model": "django.message", "fields": {"queue": 1, "visible": true, "sent_at": "2014-05-16T11:03:48.190Z", "payload": "{\"body\": \"gAJ9cQEoVQdleHBpcmVzcQJOVQN1dGNxA4hVBGFyZ3NxBFgQAAAAYmV5b25kdGhld2FsbC5jaHEFWAQAAAB0b3RvcQaGcQdVBWNob3JkcQhOVQljYWxsYmFja3NxCU5VCGVycmJhY2tzcQpOVQd0YXNrc2V0cQtOVQJpZHEMVSRjMGMwMTcxZi04Y2QwLTRiZWMtYjk4MS1mMmM5ZTE0ZGYyMDdxDVUHcmV0cmllc3EOSwBVBHRhc2txD1UeZG9tYWlucy50YXNrcy5kZWxldGVfc3ViZG9tYWlucRBVCXRpbWVsaW1pdHERTk6GVQNldGFxEk5VBmt3YXJnc3ETfXEUdS4=\", \"headers\": {}, \"content-type\": \"application/x-python-serialize\", \"properties\": {\"body_encoding\": \"base64\", \"correlation_id\": \"c0c0171f-8cd0-4bec-b981-f2c9e14df207\", \"reply_to\": \"ad3eda33-1e11-37e9-a7bf-1e660d8c8563\", \"delivery_info\": {\"priority\": 0, \"routing_key\": \"celery\", \"exchange\": \"celery\"}, \"delivery_mode\": 2, \"delivery_tag\": \"4a021cca-1116-4773-b0fa-465faba64915\"}, \"content-encoding\": \"binary\"}"}}, {"pk": 49325, "model": "django.message", "fields": {"queue": 1, "visible": true, "sent_at": "2014-05-16T11:05:35.883Z", "payload": "{\"body\": \"gAJ9cQEoVQdleHBpcmVzcQJOVQN1dGNxA4hVBGFyZ3NxBFgQAAAAYmV5b25kdGhld2FsbC5jaHEFhXEGVQVjaG9yZHEHTlUJY2FsbGJhY2tzcQhOVQhlcnJiYWNrc3EJTlUHdGFza3NldHEKTlUCaWRxC1UkMDQzMmFmOWEtYmZlNS00Y2ZjLTlhZWEtOGU2MjcxM2E0YTNicQxVB3JldHJpZXNxDUsAVQR0YXNrcQ5VG2RvbWFpbnMudGFza3MuY3JlYXRlX2RvbWFpbnEPVQl0aW1lbGltaXRxEE5OhlUDZXRhcRFOVQZrd2FyZ3NxEn1xE3Uu\", \"headers\": {}, \"content-type\": \"application/x-python-serialize\", \"properties\": {\"body_encoding\": \"base64\", \"correlation_id\": \"0432af9a-bfe5-4cfc-9aea-8e62713a4a3b\", \"reply_to\": \"62dd8dfa-3db1-373e-ab03-95f3ac9f9e8c\", \"delivery_info\": {\"priority\": 0, \"routing_key\": \"celery\", \"exchange\": \"celery\"}, \"delivery_mode\": 2, \"delivery_tag\": \"c2814143-043e-47e5-9111-33ce3f827b65\"}, \"content-encoding\": \"binary\"}"}}, {"pk": 49326, "model": "django.message", "fields": {"queue": 1, "visible": true, "sent_at": "2014-05-16T11:05:35.923Z", "payload": "{\"body\": \"gAJ9cQEoVQdleHBpcmVzcQJOVQN1dGNxA4hVBGFyZ3NxBFgQAAAAYmV5b25kdGhld2FsbC5jaHEFWAQAAAB0b3RvcQaGcQdVBWNob3JkcQhOVQljYWxsYmFja3NxCU5VCGVycmJhY2tzcQpOVQd0YXNrc2V0cQtOVQJpZHEMVSRiMWVhMjU3OS01ZmY1LTQ4NzUtOGExNC04NTFiYzQ2OGY0MGVxDVUHcmV0cmllc3EOSwBVBHRhc2txD1UeZG9tYWlucy50YXNrcy5kZWxldGVfc3ViZG9tYWlucRBVCXRpbWVsaW1pdHERTk6GVQNldGFxEk5VBmt3YXJnc3ETfXEUdS4=\", \"headers\": {}, \"content-type\": \"application/x-python-serialize\", \"properties\": {\"body_encoding\": \"base64\", \"correlation_id\": \"b1ea2579-5ff5-4875-8a14-851bc468f40e\", \"reply_to\": \"62dd8dfa-3db1-373e-ab03-95f3ac9f9e8c\", \"delivery_info\": {\"priority\": 0, \"routing_key\": \"celery\", \"exchange\": \"celery\"}, \"delivery_mode\": 2, \"delivery_tag\": \"601bbad0-d6c2-4be3-8a69-5e456f391334\"}, \"content-encoding\": \"binary\"}"}}, {"pk": 49327, "model": "django.message", "fields": {"queue": 1, "visible": true, "sent_at": "2014-05-16T11:05:48.405Z", "payload": "{\"body\": \"gAJ9cQEoVQdleHBpcmVzcQJOVQN1dGNxA4hVBGFyZ3NxBFgQAAAAYmV5b25kdGhld2FsbC5jaHEFhXEGVQVjaG9yZHEHTlUJY2FsbGJhY2tzcQhOVQhlcnJiYWNrc3EJTlUHdGFza3NldHEKTlUCaWRxC1UkOTQwNGI5N2QtYzhjMi00M2NkLTg2MGEtMTNlMGU1YzVjMGE1cQxVB3JldHJpZXNxDUsAVQR0YXNrcQ5VG2RvbWFpbnMudGFza3MuY3JlYXRlX2RvbWFpbnEPVQl0aW1lbGltaXRxEE5OhlUDZXRhcRFOVQZrd2FyZ3NxEn1xE3Uu\", \"headers\": {}, \"content-type\": \"application/x-python-serialize\", \"properties\": {\"body_encoding\": \"base64\", \"correlation_id\": \"9404b97d-c8c2-43cd-860a-13e0e5c5c0a5\", \"reply_to\": \"c95f19c2-ffd8-3d1d-9f43-96d463633d76\", \"delivery_info\": {\"priority\": 0, \"routing_key\": \"celery\", \"exchange\": \"celery\"}, \"delivery_mode\": 2, \"delivery_tag\": \"1e032ca6-51a2-41ae-af5e-6c72a375d488\"}, \"content-encoding\": \"binary\"}"}}, {"pk": 49328, "model": "django.message", "fields": {"queue": 1, "visible": true, "sent_at": "2014-05-16T11:05:48.444Z", "payload": "{\"body\": \"gAJ9cQEoVQdleHBpcmVzcQJOVQN1dGNxA4hVBGFyZ3NxBFgQAAAAYmV5b25kdGhld2FsbC5jaHEFWAQAAAB0b3RvcQaGcQdVBWNob3JkcQhOVQljYWxsYmFja3NxCU5VCGVycmJhY2tzcQpOVQd0YXNrc2V0cQtOVQJpZHEMVSQ0ZDNmNGI0MS0xNDI5LTQ0YjgtYTRkMS0wZTU3MjgwNDczMjJxDVUHcmV0cmllc3EOSwBVBHRhc2txD1UeZG9tYWlucy50YXNrcy5kZWxldGVfc3ViZG9tYWlucRBVCXRpbWVsaW1pdHERTk6GVQNldGFxEk5VBmt3YXJnc3ETfXEUdS4=\", \"headers\": {}, \"content-type\": \"application/x-python-serialize\", \"properties\": {\"body_encoding\": \"base64\", \"correlation_id\": \"4d3f4b41-1429-44b8-a4d1-0e5728047322\", \"reply_to\": \"c95f19c2-ffd8-3d1d-9f43-96d463633d76\", \"delivery_info\": {\"priority\": 0, \"routing_key\": \"celery\", \"exchange\": \"celery\"}, \"delivery_mode\": 2, \"delivery_tag\": \"1cec9ea3-16b9-4cac-9651-8dfe486f4156\"}, \"content-encoding\": \"binary\"}"}}, {"pk": 49329, "model": "django.message", "fields": {"queue": 1, "visible": true, "sent_at": "2014-05-16T11:05:54.286Z", "payload": "{\"body\": \"gAJ9cQEoVQdleHBpcmVzcQJOVQN1dGNxA4hVBGFyZ3NxBFgQAAAAYmV5b25kdGhld2FsbC5jaHEFhXEGVQVjaG9yZHEHTlUJY2FsbGJhY2tzcQhOVQhlcnJiYWNrc3EJTlUHdGFza3NldHEKTlUCaWRxC1UkYTFjNWZjOTktZjQwOC00NTY3LWI4ODctMmI1MTVlYTcwYjAycQxVB3JldHJpZXNxDUsAVQR0YXNrcQ5VG2RvbWFpbnMudGFza3MuY3JlYXRlX2RvbWFpbnEPVQl0aW1lbGltaXRxEE5OhlUDZXRhcRFOVQZrd2FyZ3NxEn1xE3Uu\", \"headers\": {}, \"content-type\": \"application/x-python-serialize\", \"properties\": {\"body_encoding\": \"base64\", \"correlation_id\": \"a1c5fc99-f408-4567-b887-2b515ea70b02\", \"reply_to\": \"c95f19c2-ffd8-3d1d-9f43-96d463633d76\", \"delivery_info\": {\"priority\": 0, \"routing_key\": \"celery\", \"exchange\": \"celery\"}, \"delivery_mode\": 2, \"delivery_tag\": \"7f75771e-6316-4968-9fda-f9d45dbacba5\"}, \"content-encoding\": \"binary\"}"}}, {"pk": 49330, "model": "django.message", "fields": {"queue": 1, "visible": true, "sent_at": "2014-05-16T11:05:54.326Z", "payload": "{\"body\": \"gAJ9cQEoVQdleHBpcmVzcQJOVQN1dGNxA4hVBGFyZ3NxBFgQAAAAYmV5b25kdGhld2FsbC5jaHEFhXEGVQVjaG9yZHEHTlUJY2FsbGJhY2tzcQhOVQhlcnJiYWNrc3EJTlUHdGFza3NldHEKTlUCaWRxC1UkNzUzYzc2NmYtYTFlNi00NTVlLWE5MjYtNzQ0MDBhYWRhNWMxcQxVB3JldHJpZXNxDUsAVQR0YXNrcQ5VG2RvbWFpbnMudGFza3MuY3JlYXRlX2RvbWFpbnEPVQl0aW1lbGltaXRxEE5OhlUDZXRhcRFOVQZrd2FyZ3NxEn1xE3Uu\", \"headers\": {}, \"content-type\": \"application/x-python-serialize\", \"properties\": {\"body_encoding\": \"base64\", \"correlation_id\": \"753c766f-a1e6-455e-a926-74400aada5c1\", \"reply_to\": \"c95f19c2-ffd8-3d1d-9f43-96d463633d76\", \"delivery_info\": {\"priority\": 0, \"routing_key\": \"celery\", \"exchange\": \"celery\"}, \"delivery_mode\": 2, \"delivery_tag\": \"88ea0714-7874-47f4-a3df-9b2ea0d65d45\"}, \"content-encoding\": \"binary\"}"}}, {"pk": 49331, "model": "django.message", "fields": {"queue": 1, "visible": true, "sent_at": "2014-05-16T11:05:56.714Z", "payload": "{\"body\": \"gAJ9cQEoVQdleHBpcmVzcQJOVQN1dGNxA4hVBGFyZ3NxBFgQAAAAYmV5b25kdGhld2FsbC5jaHEFhXEGVQVjaG9yZHEHTlUJY2FsbGJhY2tzcQhOVQhlcnJiYWNrc3EJTlUHdGFza3NldHEKTlUCaWRxC1UkMDU4ZWRjMWUtZTg2OC00ZmRjLWJiYTItY2ZlOTMwMmVmYzMwcQxVB3JldHJpZXNxDUsAVQR0YXNrcQ5VG2RvbWFpbnMudGFza3MuY3JlYXRlX2RvbWFpbnEPVQl0aW1lbGltaXRxEE5OhlUDZXRhcRFOVQZrd2FyZ3NxEn1xE3Uu\", \"headers\": {}, \"content-type\": \"application/x-python-serialize\", \"properties\": {\"body_encoding\": \"base64\", \"correlation_id\": \"058edc1e-e868-4fdc-bba2-cfe9302efc30\", \"reply_to\": \"c95f19c2-ffd8-3d1d-9f43-96d463633d76\", \"delivery_info\": {\"priority\": 0, \"routing_key\": \"celery\", \"exchange\": \"celery\"}, \"delivery_mode\": 2, \"delivery_tag\": \"37b06b02-342b-46f0-8a6c-9b991f46bdd5\"}, \"content-encoding\": \"binary\"}"}}, {"pk": 49332, "model": "django.message", "fields": {"queue": 1, "visible": true, "sent_at": "2014-05-16T11:05:56.751Z", "payload": "{\"body\": \"gAJ9cQEoVQdleHBpcmVzcQJOVQN1dGNxA4hVBGFyZ3NxBFgQAAAAYmV5b25kdGhld2FsbC5jaHEFWAQAAAB0ZXN0cQaGcQdVBWNob3JkcQhOVQljYWxsYmFja3NxCU5VCGVycmJhY2tzcQpOVQd0YXNrc2V0cQtOVQJpZHEMVSQ0MDk0MThiYy1iYzI1LTQ2MDctYmRjNC1kODE5YmE0MjlmMTJxDVUHcmV0cmllc3EOSwBVBHRhc2txD1UeZG9tYWlucy50YXNrcy5kZWxldGVfc3ViZG9tYWlucRBVCXRpbWVsaW1pdHERTk6GVQNldGFxEk5VBmt3YXJnc3ETfXEUdS4=\", \"headers\": {}, \"content-type\": \"application/x-python-serialize\", \"properties\": {\"body_encoding\": \"base64\", \"correlation_id\": \"409418bc-bc25-4607-bdc4-d819ba429f12\", \"reply_to\": \"c95f19c2-ffd8-3d1d-9f43-96d463633d76\", \"delivery_info\": {\"priority\": 0, \"routing_key\": \"celery\", \"exchange\": \"celery\"}, \"delivery_mode\": 2, \"delivery_tag\": \"b934e9d1-1b42-4427-920a-7e627955daa9\"}, \"content-encoding\": \"binary\"}"}}, {"pk": 49333, "model": "django.message", "fields": {"queue": 1, "visible": true, "sent_at": "2014-05-16T12:07:37.138Z", "payload": "{\"body\": \"gAJ9cQEoVQdleHBpcmVzcQJOVQN1dGNxA4hVBGFyZ3NxBFgYAAAAZ3JmYXZyZS53ZWJmYWN0aW9uYWwuY29tcQWFcQZVBWNob3JkcQdOVQljYWxsYmFja3NxCE5VCGVycmJhY2tzcQlOVQd0YXNrc2V0cQpOVQJpZHELVSRiNTlkYzczMy00OTYxLTRhNzgtOGQ3Ny00MTg4NzI5OWM0OTZxDFUHcmV0cmllc3ENSwBVBHRhc2txDlUbZG9tYWlucy50YXNrcy5kZWxldGVfZG9tYWlucQ9VCXRpbWVsaW1pdHEQTk6GVQNldGFxEU5VBmt3YXJnc3ESfXETdS4=\", \"headers\": {}, \"content-type\": \"application/x-python-serialize\", \"properties\": {\"body_encoding\": \"base64\", \"correlation_id\": \"b59dc733-4961-4a78-8d77-41887299c496\", \"reply_to\": \"9dd2bcef-35fb-39bd-b712-0709a093ad18\", \"delivery_info\": {\"priority\": 0, \"routing_key\": \"celery\", \"exchange\": \"celery\"}, \"delivery_mode\": 2, \"delivery_tag\": \"bde4b7aa-5a68-4c91-aaf8-b5b3a2a0f25e\"}, \"content-encoding\": \"binary\"}"}}, {"pk": 49334, "model": "django.message", "fields": {"queue": 1, "visible": true, "sent_at": "2014-05-16T14:00:06.894Z", "payload": "{\"body\": \"gAJ9cQEoVQdleHBpcmVzcQJOVQN1dGNxA4hVBGFyZ3NxBEsBWAAAAABYBAAAAG5vbmVxBYdxBlUFY2hvcmRxB05VCWNhbGxiYWNrc3EITlUIZXJyYmFja3NxCU5VB3Rhc2tzZXRxCk5VAmlkcQtVJDQzNWM4YzA2LWFjMGEtNDYxMS1hNTg5LTE1ODg1YTk2N2E4Y3EMVQdyZXRyaWVzcQ1LAFUEdGFza3EOVRx3ZWJmYWN0aW9uLnRhc2tzLmNyZWF0ZV91c2VycQ9VCXRpbWVsaW1pdHEQTk6GVQNldGFxEU5VBmt3YXJnc3ESfXETdS4=\", \"headers\": {}, \"content-type\": \"application/x-python-serialize\", \"properties\": {\"body_encoding\": \"base64\", \"correlation_id\": \"435c8c06-ac0a-4611-a589-15885a967a8c\", \"reply_to\": \"4b9bdd05-19ed-30c6-aaf0-dca1533abcd5\", \"delivery_info\": {\"priority\": 0, \"routing_key\": \"celery\", \"exchange\": \"celery\"}, \"delivery_mode\": 2, \"delivery_tag\": \"0c31392a-27c3-4913-b0aa-c36fb68ad99c\"}, \"content-encoding\": \"binary\"}"}}, {"pk": 49335, "model": "django.message", "fields": {"queue": 1, "visible": true, "sent_at": "2014-05-16T16:17:20.793Z", "payload": "{\"body\": \"gAJ9cQEoVQdleHBpcmVzcQJOVQN1dGNxA4hVBGFyZ3NxBEsBWAAAAABYBAAAAG5vbmVxBYdxBlUFY2hvcmRxB05VCWNhbGxiYWNrc3EITlUIZXJyYmFja3NxCU5VB3Rhc2tzZXRxCk5VAmlkcQtVJDI2OWJhZmM4LTU1NTQtNDM2NS04YmFjLWEyMWMyNjRhMWNmM3EMVQdyZXRyaWVzcQ1LAFUEdGFza3EOVRx3ZWJmYWN0aW9uLnRhc2tzLmNyZWF0ZV91c2VycQ9VCXRpbWVsaW1pdHEQTk6GVQNldGFxEU5VBmt3YXJnc3ESfXETdS4=\", \"headers\": {}, \"content-type\": \"application/x-python-serialize\", \"properties\": {\"body_encoding\": \"base64\", \"correlation_id\": \"269bafc8-5554-4365-8bac-a21c264a1cf3\", \"reply_to\": \"f18d5125-2282-344d-9e52-d842b17f3b14\", \"delivery_info\": {\"priority\": 0, \"routing_key\": \"celery\", \"exchange\": \"celery\"}, \"delivery_mode\": 2, \"delivery_tag\": \"192d504f-b86c-4f70-ab03-8c30fcb3d161\"}, \"content-encoding\": \"binary\"}"}}, {"pk": 49336, "model": "django.message", "fields": {"queue": 1, "visible": true, "sent_at": "2014-05-16T16:18:25.916Z", "payload": "{\"body\": \"gAJ9cQEoVQdleHBpcmVzcQJOVQN1dGNxA4hVBGFyZ3NxBEsBWAAAAABYBAAAAG5vbmVxBYdxBlUFY2hvcmRxB05VCWNhbGxiYWNrc3EITlUIZXJyYmFja3NxCU5VB3Rhc2tzZXRxCk5VAmlkcQtVJGI0YzdhMTZiLTEzYjItNDJhMi04ZTVhLTgwNDc5ZWIwYjY0Y3EMVQdyZXRyaWVzcQ1LAFUEdGFza3EOVRx3ZWJmYWN0aW9uLnRhc2tzLmNyZWF0ZV91c2VycQ9VCXRpbWVsaW1pdHEQTk6GVQNldGFxEU5VBmt3YXJnc3ESfXETdS4=\", \"headers\": {}, \"content-type\": \"application/x-python-serialize\", \"properties\": {\"body_encoding\": \"base64\", \"correlation_id\": \"b4c7a16b-13b2-42a2-8e5a-80479eb0b64c\", \"reply_to\": \"f18d5125-2282-344d-9e52-d842b17f3b14\", \"delivery_info\": {\"priority\": 0, \"routing_key\": \"celery\", \"exchange\": \"celery\"}, \"delivery_mode\": 2, \"delivery_tag\": \"e3712dc0-2d4e-4c01-9327-a5dc42820a06\"}, \"content-encoding\": \"binary\"}"}}, {"pk": 49337, "model": "django.message", "fields": {"queue": 1, "visible": true, "sent_at": "2014-05-16T16:30:08.540Z", "payload": "{\"body\": \"gAJ9cQEoVQdleHBpcmVzcQJOVQN1dGNxA4hVBGFyZ3NxBEsBWAAAAABYBAAAAG5vbmVxBYdxBlUFY2hvcmRxB05VCWNhbGxiYWNrc3EITlUIZXJyYmFja3NxCU5VB3Rhc2tzZXRxCk5VAmlkcQtVJDU0MWQzYzMxLTUxYmEtNDFjOC04ZTRiLTEwNDViZmM2Nzc2NHEMVQdyZXRyaWVzcQ1LAFUEdGFza3EOVRx3ZWJmYWN0aW9uLnRhc2tzLmNyZWF0ZV91c2VycQ9VCXRpbWVsaW1pdHEQTk6GVQNldGFxEU5VBmt3YXJnc3ESfXETdS4=\", \"headers\": {}, \"content-type\": \"application/x-python-serialize\", \"properties\": {\"body_encoding\": \"base64\", \"correlation_id\": \"541d3c31-51ba-41c8-8e4b-1045bfc67764\", \"reply_to\": \"f18d5125-2282-344d-9e52-d842b17f3b14\", \"delivery_info\": {\"priority\": 0, \"routing_key\": \"celery\", \"exchange\": \"celery\"}, \"delivery_mode\": 2, \"delivery_tag\": \"60ae7f52-27d3-48d1-a675-83abcbd0d178\"}, \"content-encoding\": \"binary\"}"}}, {"pk": 1, "model": "auth.permission", "fields": {"codename": "add_permission", "name": "Can add permission", "content_type": 1}}, {"pk": 2, "model": "auth.permission", "fields": {"codename": "change_permission", "name": "Can change permission", "content_type": 1}}, {"pk": 3, "model": "auth.permission", "fields": {"codename": "delete_permission", "name": "Can delete permission", "content_type": 1}}, {"pk": 4, "model": "auth.permission", "fields": {"codename": "add_group", "name": "Can add group", "content_type": 2}}, {"pk": 5, "model": "auth.permission", "fields": {"codename": "change_group", "name": "Can change group", "content_type": 2}}, {"pk": 6, "model": "auth.permission", "fields": {"codename": "delete_group", "name": "Can delete group", "content_type": 2}}, {"pk": 7, "model": "auth.permission", "fields": {"codename": "add_contenttype", "name": "Can add content type", "content_type": 3}}, {"pk": 8, "model": "auth.permission", "fields": {"codename": "change_contenttype", "name": "Can change content type", "content_type": 3}}, {"pk": 9, "model": "auth.permission", "fields": {"codename": "delete_contenttype", "name": "Can delete content type", "content_type": 3}}, {"pk": 10, "model": "auth.permission", "fields": {"codename": "add_session", "name": "Can add session", "content_type": 4}}, {"pk": 11, "model": "auth.permission", "fields": {"codename": "change_session", "name": "Can change session", "content_type": 4}}, {"pk": 12, "model": "auth.permission", "fields": {"codename": "delete_session", "name": "Can delete session", "content_type": 4}}, {"pk": 13, "model": "auth.permission", "fields": {"codename": "add_site", "name": "Can add site", "content_type": 5}}, {"pk": 14, "model": "auth.permission", "fields": {"codename": "change_site", "name": "Can change site", "content_type": 5}}, {"pk": 15, "model": "auth.permission", "fields": {"codename": "delete_site", "name": "Can delete site", "content_type": 5}}, {"pk": 16, "model": "auth.permission", "fields": {"codename": "add_logentry", "name": "Can add log entry", "content_type": 6}}, {"pk": 17, "model": "auth.permission", "fields": {"codename": "change_logentry", "name": "Can change log entry", "content_type": 6}}, {"pk": 18, "model": "auth.permission", "fields": {"codename": "delete_logentry", "name": "Can delete log entry", "content_type": 6}}, {"pk": 19, "model": "auth.permission", "fields": {"codename": "add_user", "name": "Can add user", "content_type": 7}}, {"pk": 20, "model": "auth.permission", "fields": {"codename": "change_user", "name": "Can change user", "content_type": 7}}, {"pk": 21, "model": "auth.permission", "fields": {"codename": "delete_user", "name": "Can delete user", "content_type": 7}}, {"pk": 22, "model": "auth.permission", "fields": {"codename": "add_migrationhistory", "name": "Can add migration history", "content_type": 8}}, {"pk": 23, "model": "auth.permission", "fields": {"codename": "change_migrationhistory", "name": "Can change migration history", "content_type": 8}}, {"pk": 24, "model": "auth.permission", "fields": {"codename": "delete_migrationhistory", "name": "Can delete migration history", "content_type": 8}}, {"pk": 25, "model": "auth.permission", "fields": {"codename": "add_taskmeta", "name": "Can add task state", "content_type": 9}}, {"pk": 26, "model": "auth.permission", "fields": {"codename": "change_taskmeta", "name": "Can change task state", "content_type": 9}}, {"pk": 27, "model": "auth.permission", "fields": {"codename": "delete_taskmeta", "name": "Can delete task state", "content_type": 9}}, {"pk": 28, "model": "auth.permission", "fields": {"codename": "add_tasksetmeta", "name": "Can add saved group result", "content_type": 10}}, {"pk": 29, "model": "auth.permission", "fields": {"codename": "change_tasksetmeta", "name": "Can change saved group result", "content_type": 10}}, {"pk": 30, "model": "auth.permission", "fields": {"codename": "delete_tasksetmeta", "name": "Can delete saved group result", "content_type": 10}}, {"pk": 31, "model": "auth.permission", "fields": {"codename": "add_intervalschedule", "name": "Can add interval", "content_type": 11}}, {"pk": 32, "model": "auth.permission", "fields": {"codename": "change_intervalschedule", "name": "Can change interval", "content_type": 11}}, {"pk": 33, "model": "auth.permission", "fields": {"codename": "delete_intervalschedule", "name": "Can delete interval", "content_type": 11}}, {"pk": 34, "model": "auth.permission", "fields": {"codename": "add_crontabschedule", "name": "Can add crontab", "content_type": 12}}, {"pk": 35, "model": "auth.permission", "fields": {"codename": "change_crontabschedule", "name": "Can change crontab", "content_type": 12}}, {"pk": 36, "model": "auth.permission", "fields": {"codename": "delete_crontabschedule", "name": "Can delete crontab", "content_type": 12}}, {"pk": 37, "model": "auth.permission", "fields": {"codename": "add_periodictasks", "name": "Can add periodic tasks", "content_type": 13}}, {"pk": 38, "model": "auth.permission", "fields": {"codename": "change_periodictasks", "name": "Can change periodic tasks", "content_type": 13}}, {"pk": 39, "model": "auth.permission", "fields": {"codename": "delete_periodictasks", "name": "Can delete periodic tasks", "content_type": 13}}, {"pk": 40, "model": "auth.permission", "fields": {"codename": "add_periodictask", "name": "Can add periodic task", "content_type": 14}}, {"pk": 41, "model": "auth.permission", "fields": {"codename": "change_periodictask", "name": "Can change periodic task", "content_type": 14}}, {"pk": 42, "model": "auth.permission", "fields": {"codename": "delete_periodictask", "name": "Can delete periodic task", "content_type": 14}}, {"pk": 43, "model": "auth.permission", "fields": {"codename": "add_workerstate", "name": "Can add worker", "content_type": 15}}, {"pk": 44, "model": "auth.permission", "fields": {"codename": "change_workerstate", "name": "Can change worker", "content_type": 15}}, {"pk": 45, "model": "auth.permission", "fields": {"codename": "delete_workerstate", "name": "Can delete worker", "content_type": 15}}, {"pk": 46, "model": "auth.permission", "fields": {"codename": "add_taskstate", "name": "Can add task", "content_type": 16}}, {"pk": 47, "model": "auth.permission", "fields": {"codename": "change_taskstate", "name": "Can change task", "content_type": 16}}, {"pk": 48, "model": "auth.permission", "fields": {"codename": "delete_taskstate", "name": "Can delete task", "content_type": 16}}, {"pk": 49, "model": "auth.permission", "fields": {"codename": "add_queue", "name": "Can add queue", "content_type": 17}}, {"pk": 50, "model": "auth.permission", "fields": {"codename": "change_queue", "name": "Can change queue", "content_type": 17}}, {"pk": 51, "model": "auth.permission", "fields": {"codename": "delete_queue", "name": "Can delete queue", "content_type": 17}}, {"pk": 52, "model": "auth.permission", "fields": {"codename": "add_message", "name": "Can add message", "content_type": 18}}, {"pk": 53, "model": "auth.permission", "fields": {"codename": "change_message", "name": "Can change message", "content_type": 18}}, {"pk": 54, "model": "auth.permission", "fields": {"codename": "delete_message", "name": "Can delete message", "content_type": 18}}, {"pk": 55, "model": "auth.permission", "fields": {"codename": "add_staticapp", "name": "Can add static app", "content_type": 19}}, {"pk": 56, "model": "auth.permission", "fields": {"codename": "change_staticapp", "name": "Can change static app", "content_type": 19}}, {"pk": 57, "model": "auth.permission", "fields": {"codename": "delete_staticapp", "name": "Can delete static app", "content_type": 19}}, {"pk": 58, "model": "auth.permission", "fields": {"codename": "add_wordpress", "name": "Can add word press", "content_type": 20}}, {"pk": 59, "model": "auth.permission", "fields": {"codename": "change_wordpress", "name": "Can change word press", "content_type": 20}}, {"pk": 60, "model": "auth.permission", "fields": {"codename": "delete_wordpress", "name": "Can delete word press", "content_type": 20}}, {"pk": 61, "model": "auth.permission", "fields": {"codename": "add_managedapp", "name": "Can add managed app", "content_type": 21}}, {"pk": 62, "model": "auth.permission", "fields": {"codename": "change_managedapp", "name": "Can change managed app", "content_type": 21}}, {"pk": 63, "model": "auth.permission", "fields": {"codename": "delete_managedapp", "name": "Can delete managed app", "content_type": 21}}, {"pk": 64, "model": "auth.permission", "fields": {"codename": "add_database", "name": "Can add database", "content_type": 22}}, {"pk": 65, "model": "auth.permission", "fields": {"codename": "change_database", "name": "Can change database", "content_type": 22}}, {"pk": 66, "model": "auth.permission", "fields": {"codename": "delete_database", "name": "Can delete database", "content_type": 22}}, {"pk": 67, "model": "auth.permission", "fields": {"codename": "add_emailaddress", "name": "Can add email address", "content_type": 23}}, {"pk": 68, "model": "auth.permission", "fields": {"codename": "change_emailaddress", "name": "Can change email address", "content_type": 23}}, {"pk": 69, "model": "auth.permission", "fields": {"codename": "delete_emailaddress", "name": "Can delete email address", "content_type": 23}}, {"pk": 70, "model": "auth.permission", "fields": {"codename": "add_redirect", "name": "Can add redirect", "content_type": 24}}, {"pk": 71, "model": "auth.permission", "fields": {"codename": "change_redirect", "name": "Can change redirect", "content_type": 24}}, {"pk": 72, "model": "auth.permission", "fields": {"codename": "delete_redirect", "name": "Can delete redirect", "content_type": 24}}, {"pk": 73, "model": "auth.permission", "fields": {"codename": "add_mailbox", "name": "Can add mail box", "content_type": 25}}, {"pk": 74, "model": "auth.permission", "fields": {"codename": "change_mailbox", "name": "Can change mail box", "content_type": 25}}, {"pk": 75, "model": "auth.permission", "fields": {"codename": "delete_mailbox", "name": "Can delete mail box", "content_type": 25}}, {"pk": 79, "model": "auth.permission", "fields": {"codename": "add_application", "name": "Can add application", "content_type": 27}}, {"pk": 80, "model": "auth.permission", "fields": {"codename": "change_application", "name": "Can change application", "content_type": 27}}, {"pk": 81, "model": "auth.permission", "fields": {"codename": "delete_application", "name": "Can delete application", "content_type": 27}}, {"pk": 82, "model": "auth.permission", "fields": {"codename": "add_domain", "name": "Can add domain", "content_type": 28}}, {"pk": 83, "model": "auth.permission", "fields": {"codename": "change_domain", "name": "Can change domain", "content_type": 28}}, {"pk": 84, "model": "auth.permission", "fields": {"codename": "delete_domain", "name": "Can delete domain", "content_type": 28}}, {"pk": 85, "model": "auth.permission", "fields": {"codename": "add_subdomain", "name": "Can add sub domain", "content_type": 29}}, {"pk": 86, "model": "auth.permission", "fields": {"codename": "change_subdomain", "name": "Can change sub domain", "content_type": 29}}, {"pk": 87, "model": "auth.permission", "fields": {"codename": "delete_subdomain", "name": "Can delete sub domain", "content_type": 29}}, {"pk": 88, "model": "auth.permission", "fields": {"codename": "add_registrationprofile", "name": "Can add registration profile", "content_type": 30}}, {"pk": 89, "model": "auth.permission", "fields": {"codename": "change_registrationprofile", "name": "Can change registration profile", "content_type": 30}}, {"pk": 90, "model": "auth.permission", "fields": {"codename": "delete_registrationprofile", "name": "Can delete registration profile", "content_type": 30}}, {"pk": 91, "model": "auth.permission", "fields": {"codename": "add_server", "name": "Can add server", "content_type": 31}}, {"pk": 92, "model": "auth.permission", "fields": {"codename": "change_server", "name": "Can change server", "content_type": 31}}, {"pk": 93, "model": "auth.permission", "fields": {"codename": "delete_server", "name": "Can delete server", "content_type": 31}}, {"pk": 94, "model": "auth.permission", "fields": {"codename": "add_website", "name": "Can add website", "content_type": 32}}, {"pk": 95, "model": "auth.permission", "fields": {"codename": "change_website", "name": "Can change website", "content_type": 32}}, {"pk": 96, "model": "auth.permission", "fields": {"codename": "delete_website", "name": "Can delete website", "content_type": 32}}, {"pk": 1, "model": "webfaction.user", "fields": {"shell": "none", "groups": [], "preferred_name": "", "is_active": true, "server": 1, "is_superuser": true, "is_staff": true, "last_login": "2014-05-16T16:30:08.521Z", "full_name": "Gregory Favre", "user_permissions": [], "wf_username": "grfavre", "password": "pbkdf2_sha256$12000$OigvXEcEtBcY$mJQ9AtdPQ9zpKAfyiE/JcNXYJanIImtp6pad6TAj+RA=", "email": "gregory.favre@gmail.com", "date_joined": "2014-03-28T10:16:39.896Z"}}, {"pk": 2, "model": "webfaction.user", "fields": {"shell": "none", "groups": [], "preferred_name": "", "is_active": true, "server": 1, "is_superuser": false, "is_staff": false, "last_login": "2014-04-24T14:56:32.693Z", "full_name": "Remo Aeschbach", "user_permissions": [], "wf_username": "", "password": "pbkdf2_sha256$12000$UuoXPvaSuBux$GQ16YjH5lr5zKM0aX1aTAcPBNiiWuJegHl4qrGd1UXo=", "email": "remo@netplus.ch", "date_joined": "2014-04-24T14:56:32.693Z"}}, {"pk": 3, "model": "webfaction.user", "fields": {"shell": "none", "groups": [], "preferred_name": "", "is_active": true, "server": null, "is_superuser": false, "is_staff": false, "last_login": "2014-04-24T15:12:06.949Z", "full_name": "Katia Feniello", "user_permissions": [], "wf_username": "", "password": "pbkdf2_sha256$12000$QfdWI6n3fhyY$nuwFXsQw/rKffV6zSQxYLeiUkKo0rqn8X8vITCSEKqY=", "email": "k_kisscool@hotmail.com", "date_joined": "2014-04-24T15:12:06.949Z"}}, {"pk": 1, "model": "domains.domain", "fields": {"owner": 1, "modified": "2014-05-16T11:05:56.698Z", "name": "beyondthewall.ch", "created": "2014-04-24T07:52:29.211Z"}}, {"pk": 2, "model": "domains.domain", "fields": {"owner": 1, "modified": "2014-05-15T15:23:37.732Z", "name": "claire-lyse.com", "created": "2014-04-24T07:52:29.223Z"}}, {"pk": 3, "model": "domains.domain", "fields": {"owner": 1, "modified": "2014-05-16T10:42:05.656Z", "name": "dealgourou.ch", "created": "2014-04-24T07:52:29.229Z"}}, {"pk": 4, "model": "domains.domain", "fields": {"owner": 1, "modified": "2014-04-24T07:52:29.232Z", "name": "dealguru.ch", "created": "2014-04-24T07:52:29.232Z"}}, {"pk": 5, "model": "domains.domain", "fields": {"owner": 1, "modified": "2014-04-24T07:52:29.236Z", "name": "gregoryfavre.ch", "created": "2014-04-24T07:52:29.236Z"}}, {"pk": 6, "model": "domains.domain", "fields": {"owner": 1, "modified": "2014-04-24T07:52:29.243Z", "name": "gregoryfavre.name", "created": "2014-04-24T07:52:29.243Z"}}, {"pk": 8, "model": "domains.domain", "fields": {"owner": 2, "modified": "2014-04-24T15:01:19.508Z", "name": "kepchup.ch", "created": "2014-04-24T07:52:29.245Z"}}, {"pk": 9, "model": "domains.domain", "fields": {"owner": 1, "modified": "2014-04-24T07:52:29.249Z", "name": "nonoetgreg.ch", "created": "2014-04-24T07:52:29.249Z"}}, {"pk": 10, "model": "domains.domain", "fields": {"owner": 3, "modified": "2014-04-24T15:12:22.339Z", "name": "phytotm.ch", "created": "2014-04-24T07:52:29.252Z"}}, {"pk": 11, "model": "domains.domain", "fields": {"owner": 1, "modified": "2014-04-24T07:52:29.260Z", "name": "pygreg.ch", "created": "2014-04-24T07:52:29.260Z"}}, {"pk": 2, "model": "emails.mailbox", "fields": {"wf_name": "grfavre", "name": "grfavre", "created": "2014-04-02T14:57:01.288Z", "enable_spam_protection": false, "modified": "2014-04-02T14:57:01.288Z", "owner": 1}}, {"pk": 3, "model": "emails.mailbox", "fields": {"wf_name": "grfavre_affiliate", "name": "affiliate", "created": "2014-04-02T14:58:59.974Z", "enable_spam_protection": false, "modified": "2014-04-02T14:58:59.974Z", "owner": 1}}, {"pk": 4, "model": "emails.mailbox", "fields": {"wf_name": "grfavre_community", "name": "community", "created": "2014-04-02T14:58:59.995Z", "enable_spam_protection": false, "modified": "2014-04-02T14:58:59.995Z", "owner": 1}}, {"pk": 5, "model": "emails.mailbox", "fields": {"wf_name": "grfavre_katia", "name": "katia", "created": "2014-04-02T14:59:00.015Z", "enable_spam_protection": false, "modified": "2014-04-02T14:59:00.015Z", "owner": 1}}, {"pk": 6, "model": "emails.mailbox", "fields": {"wf_name": "grfavre_kyanh", "name": "kyanh", "created": "2014-04-02T14:59:00.034Z", "enable_spam_protection": false, "modified": "2014-04-02T14:59:00.034Z", "owner": 1}}, {"pk": 7, "model": "emails.mailbox", "fields": {"wf_name": "grfavre_mariage", "name": "mariage", "created": "2014-04-02T14:59:00.054Z", "enable_spam_protection": false, "modified": "2014-04-02T14:59:00.054Z", "owner": 1}}, {"pk": 8, "model": "emails.mailbox", "fields": {"wf_name": "grfavre_phytotm", "name": "phytotm", "created": "2014-04-02T14:59:00.074Z", "enable_spam_protection": false, "modified": "2014-04-02T14:59:00.074Z", "owner": 1}}, {"pk": 1, "model": "admin.logentry", "fields": {"action_flag": 1, "action_time": "2014-04-24T14:56:32.967Z", "object_repr": "remo@netplus.ch", "object_id": "2", "change_message": "", "user": 1, "content_type": 7}}, {"pk": 2, "model": "admin.logentry", "fields": {"action_flag": 2, "action_time": "2014-04-24T15:01:19.517Z", "object_repr": "kepchup.ch", "object_id": "8", "change_message": "Modifi\u00e9 owner.", "user": 1, "content_type": 28}}, {"pk": 3, "model": "admin.logentry", "fields": {"action_flag": 1, "action_time": "2014-04-24T15:12:07.162Z", "object_repr": "k_kisscool@hotmail.com", "object_id": "3", "change_message": "", "user": 1, "content_type": 7}}, {"pk": 4, "model": "admin.logentry", "fields": {"action_flag": 2, "action_time": "2014-04-24T15:12:22.346Z", "object_repr": "phytotm.ch", "object_id": "10", "change_message": "Modifi\u00e9 owner.", "user": 1, "content_type": 28}}, {"pk": 5, "model": "admin.logentry", "fields": {"action_flag": 1, "action_time": "2014-05-08T06:52:27.106Z", "object_repr": "Server object", "object_id": "1", "change_message": "", "user": 1, "content_type": 31}}, {"pk": 6, "model": "admin.logentry", "fields": {"action_flag": 2, "action_time": "2014-05-08T08:32:57.882Z", "object_repr": "Server object", "object_id": "1", "change_message": "Aucun champ modifi\u00e9.", "user": 1, "content_type": 31}}, {"pk": 7, "model": "admin.logentry", "fields": {"action_flag": 2, "action_time": "2014-05-08T08:34:59.671Z", "object_repr": "remo@netplus.ch", "object_id": "2", "change_message": "Modifi\u00e9 wf_username et server.", "user": 1, "content_type": 7}}, {"pk": 8, "model": "admin.logentry", "fields": {"action_flag": 2, "action_time": "2014-05-08T08:38:45.953Z", "object_repr": "remo@netplus.ch", "object_id": "2", "change_message": "Modifi\u00e9 wf_username.", "user": 1, "content_type": 7}}, {"pk": 9, "model": "admin.logentry", "fields": {"action_flag": 3, "action_time": "2014-05-15T08:04:03.230Z", "object_repr": ".pygreg.ch", "object_id": "59", "change_message": "", "user": 1, "content_type": 29}}, {"pk": 10, "model": "admin.logentry", "fields": {"action_flag": 3, "action_time": "2014-05-15T08:04:03.262Z", "object_repr": ".phytotm.ch", "object_id": "55", "change_message": "", "user": 1, "content_type": 29}}, {"pk": 11, "model": "admin.logentry", "fields": {"action_flag": 3, "action_time": "2014-05-15T08:04:03.269Z", "object_repr": ".nonoetgreg.ch", "object_id": "53", "change_message": "", "user": 1, "content_type": 29}}, {"pk": 12, "model": "admin.logentry", "fields": {"action_flag": 3, "action_time": "2014-05-15T08:04:03.276Z", "object_repr": ".kepchup.ch", "object_id": "51", "change_message": "", "user": 1, "content_type": 29}}, {"pk": 13, "model": "admin.logentry", "fields": {"action_flag": 3, "action_time": "2014-05-15T08:04:03.284Z", "object_repr": ".gregoryfavre.ch", "object_id": "45", "change_message": "", "user": 1, "content_type": 29}}, {"pk": 14, "model": "admin.logentry", "fields": {"action_flag": 3, "action_time": "2014-05-15T08:04:03.292Z", "object_repr": ".dealguru.ch", "object_id": "43", "change_message": "", "user": 1, "content_type": 29}}, {"pk": 15, "model": "admin.logentry", "fields": {"action_flag": 3, "action_time": "2014-05-15T08:04:03.299Z", "object_repr": ".dealgourou.ch", "object_id": "41", "change_message": "", "user": 1, "content_type": 29}}, {"pk": 16, "model": "admin.logentry", "fields": {"action_flag": 3, "action_time": "2014-05-15T08:04:03.306Z", "object_repr": ".claire-lyse.com", "object_id": "38", "change_message": "", "user": 1, "content_type": 29}}, {"pk": 17, "model": "admin.logentry", "fields": {"action_flag": 3, "action_time": "2014-05-15T08:04:03.313Z", "object_repr": ".beyondthewall.ch", "object_id": "35", "change_message": "", "user": 1, "content_type": 29}}, {"pk": 18, "model": "admin.logentry", "fields": {"action_flag": 3, "action_time": "2014-05-16T09:53:28.210Z", "object_repr": "rew", "object_id": "17", "change_message": "", "user": 1, "content_type": 28}}, {"pk": 19, "model": "admin.logentry", "fields": {"action_flag": 3, "action_time": "2014-05-16T09:53:51.266Z", "object_repr": "terr.beyondthewall.ch", "object_id": "70", "change_message": "", "user": 1, "content_type": 29}}, {"pk": 20, "model": "admin.logentry", "fields": {"action_flag": 3, "action_time": "2014-05-16T09:53:51.275Z", "object_repr": "toto.beyondthewall.ch", "object_id": "69", "change_message": "", "user": 1, "content_type": 29}}, {"pk": 21, "model": "admin.logentry", "fields": {"action_flag": 3, "action_time": "2014-05-16T09:54:15.881Z", "object_repr": ".grfavre.webfactional.com", "object_id": "50", "change_message": "", "user": 1, "content_type": 29}}, {"pk": 22, "model": "admin.logentry", "fields": {"action_flag": 3, "action_time": "2014-05-16T09:54:15.889Z", "object_repr": ".gregoryfavre.name", "object_id": "49", "change_message": "", "user": 1, "content_type": 29}}, {"pk": 23, "model": "admin.logentry", "fields": {"action_flag": 2, "action_time": "2014-05-16T16:40:59.576Z", "object_repr": "gregory.favre@gmail.com", "object_id": "1", "change_message": "Modifi\u00e9 wf_username et server.", "user": 1, "content_type": 7}}]